I08Y3-0000,AUXCOM35                 ,2  ,100.00000,2011-04-01 08:27:00.000,10,145-CAT,2011-04-11 07:11:00.000,2011-04-11 09:09:00.000
I08Y3-0000,AUXCOM35                 ,2  ,100.00000,2011-04-01 08:27:00.000,20,80-CAT ,2011-06-23 07:36:00.000,2011-06-23 09:48:00.000
I09VH-0000,004080829                ,03 ,60.00000,2011-06-13 23:59:00.000,10,240    ,2011-06-21 14:28:00.000,2011-06-22 07:10:00.000
I09VH-0000,004080829                ,03 ,60.00000,2011-06-13 23:59:00.000,20,91     ,2011-06-30 12:10:00.000,2011-06-30 12:11:00.000
I09DL-0004,00408082603              ,03 ,30.00000,2011-06-14 14:18:00.000,10,17     ,2011-06-01 12:50:00.000,2011-06-01 13:44:00.000
I09DL-0004,00408082603              ,03 ,30.00000,2011-06-14 14:18:00.000,20,50     ,2011-06-02 15:00:00.000,2011-06-02 15:41:00.000
I09DL-0004,00408082603              ,03 ,30.00000,2011-06-14 14:18:00.000,30,65     ,2011-06-07 07:32:00.000,2011-06-07 08:08:00.000
I09DL-0004,00408082603              ,03 ,30.00000,2011-06-14 14:18:00.000,40,65     ,2011-06-07 09:10:00.000,2011-06-07 10:46:00.000
I09DL-0004,00408082603              ,03 ,30.00000,2011-06-14 14:18:00.000,50,140    ,2011-06-23 07:46:00.000,2011-06-23 08:17:00.000
I09DL-0004,00408082603              ,03 ,30.00000,2011-06-14 14:18:00.000,60,SUBIPC ,1900-01-01 00:00:00.000,1900-01-01 00:00:00.000
I09DL-0004,00408082603              ,03 ,30.00000,2011-06-14 14:18:00.000,70,91     ,2011-06-23 08:47:00.000,2011-06-23 09:18:00.000
I09ZX-0000,FM103111V1               ,C  ,1000.00000,2011-06-15 12:14:00.000,10,15     ,2011-06-21 08:13:00.000,2011-06-22 08:33:00.000
I09ZX-0000,FM103111V1               ,C  ,1000.00000,2011-06-15 12:14:00.000,20,35     ,2011-06-21 18:01:00.000,2011-06-22 15:45:00.000
I09ZX-0000,FM103111V1               ,C  ,1000.00000,2011-06-15 12:14:00.000,30,90     ,2011-06-23 07:46:00.000,2011-06-23 07:47:00.000
I09ZX-0000,FM103111V1               ,C  ,1000.00000,2011-06-15 12:14:00.000,40,96     ,2011-06-24 05:00:00.000,2011-06-24 07:18:00.000
I0A8P-0000,CRHB121                  ,3  ,100.00000,2011-06-15 13:12:00.000,10,17-CAT ,2011-06-22 15:00:00.000,2011-06-22 15:55:00.000
I0A8P-0000,CRHB121                  ,3  ,100.00000,2011-06-15 13:12:00.000,20,35-CAT ,2011-06-23 07:46:00.000,2011-06-23 08:48:00.000
I0A8P-0000,CRHB121                  ,3  ,100.00000,2011-06-15 13:12:00.000,30,140    ,2011-06-23 09:18:00.000,2011-06-23 09:49:00.000
I0A8P-0000,CRHB121                  ,3  ,100.00000,2011-06-15 13:12:00.000,40,SUBPREC,2011-06-23 11:49:00.000,2011-06-28 11:49:00.000
I0A5Z-0000,ER1095-03-BT             ,4  ,1.00000,2011-06-16 00:00:00.000,10,240-CAT,2011-07-22 09:06:00.000,2011-07-22 09:13:00.000
I0A2A-0002,LEERRF100SIDE            ,   ,40.00000,2011-06-16 08:15:00.000,10,15     ,2011-06-16 15:06:00.000,2011-06-16 16:57:00.000
I0A2A-0002,LEERRF100SIDE            ,   ,40.00000,2011-06-16 08:15:00.000,20,35     ,2011-06-20 07:18:00.000,2011-06-20 08:38:00.000
I0A2A-0002,LEERRF100SIDE            ,   ,40.00000,2011-06-16 08:15:00.000,30,90     ,2011-06-23 07:46:00.000,2011-06-23 08:17:00.000
I0A2A-0002,LEERRF100SIDE            ,   ,40.00000,2011-06-16 08:15:00.000,40,96     ,2011-06-24 05:00:00.000,2011-06-24 05:57:00.000
I0A2A-0003,LEERRF100TOPTRIM         ,   ,20.00000,2011-06-16 08:15:00.000,10,15     ,2011-06-17 07:38:00.000,2011-06-17 08:36:00.000
I0A2A-0003,LEERRF100TOPTRIM         ,   ,20.00000,2011-06-16 08:15:00.000,20,35     ,2011-06-20 09:40:00.000,2011-06-20 10:15:00.000
I0A2A-0003,LEERRF100TOPTRIM         ,   ,20.00000,2011-06-16 08:15:00.000,30,90     ,2011-06-20 10:15:00.000,2011-06-20 10:46:00.000
I0A2A-0003,LEERRF100TOPTRIM         ,   ,20.00000,2011-06-16 08:15:00.000,40,96     ,2011-06-24 05:00:00.000,2011-06-24 05:19:00.000
I0A28-0002,BEVAIRSIDE               ,   ,40.00000,2011-06-16 08:45:00.000,10,15     ,2011-06-16 16:57:00.000,2011-06-16 18:48:00.000
I0A28-0002,BEVAIRSIDE               ,   ,40.00000,2011-06-16 08:45:00.000,20,35     ,2011-06-20 08:34:00.000,2011-06-20 09:56:00.000
I0A28-0002,BEVAIRSIDE               ,   ,40.00000,2011-06-16 08:45:00.000,30,90     ,2011-06-23 07:46:00.000,2011-06-23 08:17:00.000
I0A28-0002,BEVAIRSIDE               ,   ,40.00000,2011-06-16 08:45:00.000,40,96     ,2011-06-24 05:00:00.000,2011-06-24 05:44:00.000
I0A40-0000,5004712                  ,-  ,212.00000,2011-06-16 10:39:00.000,10,15     ,2011-06-21 19:58:00.000,2011-06-22 07:43:00.000
I0A40-0000,5004712                  ,-  ,212.00000,2011-06-16 10:39:00.000,20,35     ,2011-06-23 07:46:00.000,2011-06-23 10:52:00.000
I0A40-0000,5004712                  ,-  ,212.00000,2011-06-16 10:39:00.000,30,90     ,2011-06-23 11:22:00.000,2011-06-23 11:53:00.000
I08OC-0000,5004707                  ,F  ,50.00000,2011-06-16 23:59:00.000,10,240    ,2011-06-21 09:57:00.000,2011-06-23 11:37:00.000
I08OC-0000,5004707                  ,F  ,50.00000,2011-06-16 23:59:00.000,20,91     ,2011-06-23 12:07:00.000,2011-06-23 12:08:00.000
I0A93-0001,902838P1A                ,06 ,20.00000,2011-06-17 07:45:00.000,10,15     ,2011-06-23 13:26:00.000,2011-06-23 15:50:00.000
I0A93-0001,902838P1A                ,06 ,20.00000,2011-06-17 07:45:00.000,20,35     ,2011-06-24 10:15:00.000,2011-06-24 11:27:00.000
I0A93-0001,902838P1A                ,06 ,20.00000,2011-06-17 07:45:00.000,30,35     ,2011-06-24 11:57:00.000,2011-06-24 12:45:00.000
I0A93-0002,902838P1B                ,06 ,20.00000,2011-06-17 07:45:00.000,10,15     ,2011-06-23 11:30:00.000,2011-06-23 12:25:00.000
I0A93-0002,902838P1B                ,06 ,20.00000,2011-06-17 07:45:00.000,20,35     ,2011-06-24 07:25:00.000,2011-06-24 08:33:00.000
I0A93-0002,902838P1B                ,06 ,20.00000,2011-06-17 07:45:00.000,30,35     ,2011-06-24 09:03:00.000,2011-06-24 10:15:00.000
I0A93-0002,902838P1B                ,06 ,20.00000,2011-06-17 07:45:00.000,40,65     ,2011-06-24 11:04:00.000,2011-06-24 11:28:00.000
I0A93-0003,902838P1C                ,06 ,20.00000,2011-06-17 07:45:00.000,20,15     ,2011-06-23 15:50:00.000,2011-06-23 16:51:00.000
I0A93-0003,902838P1C                ,06 ,20.00000,2011-06-17 07:45:00.000,30,35     ,2011-06-23 17:21:00.000,2011-06-23 18:07:00.000
I0A93-0003,902838P1C                ,06 ,20.00000,2011-06-17 07:45:00.000,40,35     ,2011-06-23 18:37:00.000,2011-06-23 19:45:00.000
I0A93-0003,902838P1C                ,06 ,20.00000,2011-06-17 07:45:00.000,50,35     ,2011-06-23 20:15:00.000,2011-06-23 21:08:00.000
I0A93-0004,902838P1D                ,06 ,20.00000,2011-06-17 07:45:00.000,10,15     ,2011-06-23 12:25:00.000,2011-06-23 13:26:00.000
I0A93-0004,902838P1D                ,06 ,20.00000,2011-06-17 07:45:00.000,30,35     ,2011-06-24 08:26:00.000,2011-06-24 09:12:00.000
I0A93-0004,902838P1D                ,06 ,20.00000,2011-06-17 07:45:00.000,40,35     ,2011-06-24 10:11:00.000,2011-06-24 11:19:00.000
I0A93-0004,902838P1D                ,06 ,20.00000,2011-06-17 07:45:00.000,50,35     ,2011-06-24 11:49:00.000,2011-06-24 12:45:00.000
I0A1S-0000,STD38234C                ,   ,600.00000,2011-06-17 10:10:00.000,10,145-CAT,2011-06-22 09:53:00.000,2011-06-23 12:21:00.000
I09VP-0000,AUX01-12-GR              ,3  ,100.00000,2011-06-17 13:40:00.000,10,157-CAT,2011-06-10 13:51:00.000,2011-06-13 08:01:00.000
I09VP-0000,AUX01-12-GR              ,3  ,100.00000,2011-06-17 13:40:00.000,20,96-CAT ,2011-06-24 05:00:00.000,2011-06-24 06:40:00.000
I09GL-0000,MPAMTADM6350             ,04 ,1.00000,2011-06-17 23:59:00.000,10,17     ,2011-05-11 14:22:00.000,2011-05-11 15:08:00.000
I09GL-0000,MPAMTADM6350             ,04 ,1.00000,2011-06-17 23:59:00.000,20,80     ,2011-06-13 08:48:00.000,2011-06-13 09:09:00.000
I09GL-0000,MPAMTADM6350             ,04 ,1.00000,2011-06-17 23:59:00.000,30,70     ,2011-06-13 07:11:00.000,2011-06-13 07:34:00.000
I09GL-0000,MPAMTADM6350             ,04 ,1.00000,2011-06-17 23:59:00.000,40,60     ,2011-06-13 08:04:00.000,2011-06-13 08:20:00.000
I09GL-0000,MPAMTADM6350             ,04 ,1.00000,2011-06-17 23:59:00.000,50,90     ,2011-06-13 08:50:00.000,2011-06-13 09:21:00.000
I09GL-0000,MPAMTADM6350             ,04 ,1.00000,2011-06-17 23:59:00.000,60,140    ,2011-06-14 07:14:00.000,2011-06-14 07:45:00.000
I09GL-0000,MPAMTADM6350             ,04 ,1.00000,2011-06-17 23:59:00.000,70,SUBPREC,2011-06-15 07:10:00.000,2011-06-22 07:10:00.000
I09GL-0000,MPAMTADM6350             ,04 ,1.00000,2011-06-17 23:59:00.000,80,65     ,2011-06-16 07:54:00.000,2011-06-16 08:02:00.000
I09GL-0000,MPAMTADM6350             ,04 ,1.00000,2011-06-17 23:59:00.000,90,90     ,2011-06-17 07:06:00.000,2011-06-17 07:37:00.000
I09GL-0000,MPAMTADM6350             ,04 ,1.00000,2011-06-17 23:59:00.000,100,94     ,2011-06-17 07:37:00.000,2011-06-17 07:50:00.000
I09GL-0000,MPAMTADM6350             ,04 ,1.00000,2011-06-17 23:59:00.000,110,96     ,2011-06-17 08:20:00.000,2011-06-17 08:27:00.000
I09GL-0000,MPAMTADM6350             ,04 ,1.00000,2011-06-17 23:59:00.000,120,240    ,2011-06-20 07:20:00.000,2011-06-20 07:28:00.000
I09GL-0000,MPAMTADM6350             ,04 ,1.00000,2011-06-17 23:59:00.000,130,91     ,2011-06-20 07:28:00.000,2011-06-20 07:59:00.000
I0A3I-0000,3550HZL0004EX            ,C  ,38.00000,2011-06-17 23:59:00.000,10,SUBPREC,2011-06-15 07:10:00.000,2011-06-16 00:00:00.000
I0A3I-0000,3550HZL0004EX            ,C  ,38.00000,2011-06-17 23:59:00.000,20,94     ,2011-06-20 07:18:00.000,2011-06-20 11:41:00.000
I0A3I-0000,3550HZL0004EX            ,C  ,38.00000,2011-06-17 23:59:00.000,30,96     ,2011-06-22 14:23:00.000,2011-06-24 05:01:00.000
I09OZ-0001,MA555303001              ,A  ,50.00000,2011-06-20 12:49:00.000,10,70     ,2011-06-07 07:58:00.000,2011-06-10 10:28:00.000
I09OZ-0001,MA555303001              ,A  ,50.00000,2011-06-20 12:49:00.000,15,60     ,2011-06-10 10:28:00.000,2011-06-13 09:28:00.000
I09OZ-0001,MA555303001              ,A  ,50.00000,2011-06-20 12:49:00.000,20,65     ,2011-06-10 21:31:00.000,2011-06-13 07:43:00.000
I09OZ-0001,MA555303001              ,A  ,50.00000,2011-06-20 12:49:00.000,30,90     ,2011-06-13 08:13:00.000,2011-06-13 08:14:00.000
I09OZ-0001,MA555303001              ,A  ,50.00000,2011-06-20 12:49:00.000,40,140    ,2011-06-14 07:14:00.000,2011-06-14 07:15:00.000
I09OZ-0001,MA555303001              ,A  ,50.00000,2011-06-20 12:49:00.000,50,SUBPREC,2011-06-15 07:10:00.000,2011-06-18 00:00:00.000
I09OZ-0001,MA555303001              ,A  ,50.00000,2011-06-20 12:49:00.000,60,94     ,2011-06-20 07:18:00.000,2011-06-21 09:24:00.000
I09OZ-0001,MA555303001              ,A  ,50.00000,2011-06-20 12:49:00.000,80,96     ,2011-06-22 14:20:00.000,2011-06-24 05:04:00.000
I09YA-0000,6090377000               ,D  ,31.00000,2011-06-20 23:59:00.000,10,15     ,2011-06-14 19:06:00.000,2011-06-15 07:14:00.000
I09YA-0000,6090377000               ,D  ,31.00000,2011-06-20 23:59:00.000,20,60     ,2011-06-16 11:31:00.000,2011-06-16 12:46:00.000
I09YA-0000,6090377000               ,D  ,31.00000,2011-06-20 23:59:00.000,30,35     ,2011-06-16 12:46:00.000,2011-06-16 13:14:00.000
I09YA-0000,6090377000               ,D  ,31.00000,2011-06-20 23:59:00.000,40,35     ,2011-06-17 09:58:00.000,2011-06-17 10:44:00.000
I09YA-0000,6090377000               ,D  ,31.00000,2011-06-20 23:59:00.000,50,90     ,2011-06-17 11:14:00.000,2011-06-17 11:45:00.000
I09YA-0000,6090377000               ,D  ,31.00000,2011-06-20 23:59:00.000,60,94     ,2011-06-21 12:19:00.000,2011-06-21 12:58:00.000
I09YA-0000,6090377000               ,D  ,31.00000,2011-06-20 23:59:00.000,70,96     ,2011-06-21 13:23:00.000,2011-06-21 13:33:00.000
I09YA-0000,6090377000               ,D  ,31.00000,2011-06-20 23:59:00.000,80,91     ,2011-06-22 12:03:00.000,2011-06-22 12:04:00.000
I09ZY-0000,BAT150196/22             ,N  ,20.00000,2011-06-21 00:00:00.000,10,240    ,2011-06-24 07:00:00.000,2011-06-28 09:55:00.000
I09UX-0001,MPAMTACM9901             ,05 ,17.00000,2011-06-21 09:18:00.000,10,17     ,2011-06-14 16:00:00.000,2011-06-14 17:33:00.000
I09UX-0001,MPAMTACM9901             ,05 ,17.00000,2011-06-21 09:18:00.000,20,35     ,2011-06-16 12:29:00.000,2011-06-16 13:16:00.000
I09UX-0001,MPAMTACM9901             ,05 ,17.00000,2011-06-21 09:18:00.000,30,65     ,2011-06-16 08:02:00.000,2011-06-16 09:59:00.000
I09UX-0001,MPAMTACM9901             ,05 ,17.00000,2011-06-21 09:18:00.000,40,65     ,2011-06-16 19:04:00.000,2011-06-16 21:22:00.000
I09UX-0001,MPAMTACM9901             ,05 ,17.00000,2011-06-21 09:18:00.000,50,65     ,2011-06-16 21:22:00.000,2011-06-16 22:19:00.000
I09UX-0001,MPAMTACM9901             ,05 ,17.00000,2011-06-21 09:18:00.000,60,35     ,2011-06-23 09:16:00.000,2011-06-23 09:48:00.000
I09UX-0001,MPAMTACM9901             ,05 ,17.00000,2011-06-21 09:18:00.000,70,35     ,2011-06-23 12:25:00.000,2011-06-23 12:53:00.000
I0A6X-0001,1989C67H01               ,11 ,20.00000,2011-06-21 12:24:00.000,10,145    ,2011-06-24 10:00:00.000,2011-06-24 10:29:00.000
I0A6X-0001,1989C67H01               ,11 ,20.00000,2011-06-21 12:24:00.000,25,20     ,2011-06-24 10:59:00.000,2011-06-24 11:44:00.000
I0A6X-0002,1989C67H03               ,11 ,5.00000,2011-06-21 12:24:00.000,10,145    ,2011-06-24 09:19:00.000,2011-06-24 10:00:00.000
I0A6X-0002,1989C67H03               ,11 ,5.00000,2011-06-21 12:24:00.000,20,156    ,2011-07-18 13:47:00.000,2011-07-19 08:02:00.000
I09GM-0000,MPAMTADM6450             ,02 ,1.00000,2011-06-21 23:59:00.000,10,17     ,2011-05-10 13:37:00.000,2011-05-10 13:53:00.000
I09GM-0000,MPAMTADM6450             ,02 ,1.00000,2011-06-21 23:59:00.000,20,35     ,2011-05-09 17:49:00.000,2011-05-09 17:57:00.000
I09GM-0000,MPAMTADM6450             ,02 ,1.00000,2011-06-21 23:59:00.000,30,35     ,2011-05-09 19:15:00.000,2011-05-09 19:26:00.000
I09GM-0000,MPAMTADM6450             ,02 ,1.00000,2011-06-21 23:59:00.000,40,35     ,2011-05-09 20:42:00.000,2011-05-09 20:56:00.000
I09GM-0000,MPAMTADM6450             ,02 ,1.00000,2011-06-21 23:59:00.000,50,35     ,2011-05-09 21:02:00.000,2011-05-09 21:16:00.000
I09GM-0000,MPAMTADM6450             ,02 ,1.00000,2011-06-21 23:59:00.000,60,35     ,2011-05-10 07:24:00.000,2011-05-10 07:44:00.000
I09GM-0000,MPAMTADM6450             ,02 ,1.00000,2011-06-21 23:59:00.000,70,90     ,2011-05-10 07:09:00.000,2011-05-10 07:40:00.000
I09GM-0000,MPAMTADM6450             ,02 ,1.00000,2011-06-21 23:59:00.000,80,140    ,2011-05-10 07:40:00.000,2011-05-10 08:11:00.000
I09GM-0000,MPAMTADM6450             ,02 ,1.00000,2011-06-21 23:59:00.000,90,SUBPREC,2011-05-11 07:13:00.000,2011-05-14 00:00:00.000
I09GM-0000,MPAMTADM6450             ,02 ,1.00000,2011-06-21 23:59:00.000,100,94     ,2011-06-23 07:46:00.000,2011-06-23 07:55:00.000
I09GM-0000,MPAMTADM6450             ,02 ,1.00000,2011-06-21 23:59:00.000,110,96     ,2011-06-22 14:29:00.000,2011-06-24 05:01:00.000
I09GM-0000,MPAMTADM6450             ,02 ,1.00000,2011-06-21 23:59:00.000,120,135    ,2011-06-24 13:01:00.000,2011-06-24 13:35:00.000
I09GM-0000,MPAMTADM6450             ,02 ,1.00000,2011-06-21 23:59:00.000,130,91     ,2011-06-24 13:35:00.000,2011-06-24 14:06:00.000
I092L-0002,2198D72H02               ,12 ,10.00000,2011-06-22 11:47:00.000,10,15     ,2011-06-22 19:16:00.000,2011-06-22 19:36:00.000
I092L-0002,2198D72H02               ,12 ,10.00000,2011-06-22 11:47:00.000,20,50     ,2011-06-23 15:00:00.000,2011-06-23 15:06:00.000
I092L-0003,2198D72H03               ,12 ,20.00000,2011-06-22 11:47:00.000,10,15     ,2011-06-22 19:05:00.000,2011-06-22 19:16:00.000
I092L-0003,2198D72H03               ,12 ,20.00000,2011-06-22 11:47:00.000,20,75     ,2011-06-23 07:46:00.000,2011-06-23 08:25:00.000
I09ZV-0000,9291X                    ,E  ,26.00000,2011-06-22 23:59:00.000,10,70     ,2011-07-06 09:46:00.000,2011-07-19 07:16:00.000
I09ZV-0000,9291X                    ,E  ,26.00000,2011-06-22 23:59:00.000,20,70     ,2011-07-14 07:16:00.000,2011-07-26 12:16:00.000
I09ZV-0000,9291X                    ,E  ,26.00000,2011-06-22 23:59:00.000,30,60     ,2011-07-26 10:46:00.000,2011-07-28 08:46:00.000
I09ZV-0000,9291X                    ,E  ,26.00000,2011-06-22 23:59:00.000,40,90     ,2011-07-28 09:16:00.000,2011-07-28 09:47:00.000
I09ZV-0000,9291X                    ,E  ,26.00000,2011-06-22 23:59:00.000,50,94     ,2011-07-28 10:17:00.000,2011-07-29 22:02:00.000
I09ZV-0000,9291X                    ,E  ,26.00000,2011-06-22 23:59:00.000,60,100    ,2011-08-01 07:02:00.000,2011-08-04 11:02:00.000
I09ZV-0000,9291X                    ,E  ,26.00000,2011-06-22 23:59:00.000,70,91     ,2011-08-05 11:32:00.000,2011-08-05 12:04:00.000
I09ZZ-0000,9291905X                 ,C  ,26.00000,2011-06-22 23:59:00.000,10,70     ,2011-06-20 13:04:00.000,2011-06-29 12:34:00.000
I09ZZ-0000,9291905X                 ,C  ,26.00000,2011-06-22 23:59:00.000,20,60     ,2011-06-22 07:30:00.000,2011-06-24 11:45:00.000
I09ZZ-0000,9291905X                 ,C  ,26.00000,2011-06-22 23:59:00.000,30,90     ,2011-06-23 07:46:00.000,2011-06-23 07:47:00.000
I09ZZ-0000,9291905X                 ,C  ,26.00000,2011-06-22 23:59:00.000,40,94     ,2011-06-23 08:17:00.000,2011-06-23 11:08:00.000
I09ZZ-0000,9291905X                 ,C  ,26.00000,2011-06-22 23:59:00.000,50,100    ,2011-06-23 11:38:00.000,2011-06-27 09:53:00.000
I09ZZ-0000,9291905X                 ,C  ,26.00000,2011-06-22 23:59:00.000,60,240    ,2011-06-24 13:53:00.000,2011-06-27 12:53:00.000
I0A3H-0000,3550HZL0003EX            ,C  ,108.00000,2011-06-22 23:59:00.000,10,SUBPREC,2011-06-14 07:14:00.000,2011-06-15 00:00:00.000
I0A3H-0000,3550HZL0003EX            ,C  ,108.00000,2011-06-22 23:59:00.000,20,94     ,2011-06-20 07:18:00.000,2011-06-20 19:47:00.000
I0A3H-0000,3550HZL0003EX            ,C  ,108.00000,2011-06-22 23:59:00.000,30,96     ,2011-06-22 14:10:00.000,2011-06-24 05:01:00.000
I0A3J-0000,3950HZL001500            ,D  ,101.00000,2011-06-22 23:59:00.000,10,SUBPREC,2011-06-20 07:18:00.000,2011-06-27 07:18:00.000
I0A3J-0000,3950HZL001500            ,D  ,101.00000,2011-06-22 23:59:00.000,20,96     ,2011-06-22 14:17:00.000,2011-06-24 05:06:00.000
I0A3K-0000,3050HZL001000            ,A  ,396.00000,2011-06-22 23:59:00.000,10,SUBPREC,2011-06-15 07:10:00.000,2011-06-22 07:10:00.000
I0A3K-0000,3050HZL001000            ,A  ,396.00000,2011-06-22 23:59:00.000,20,96     ,2011-06-22 14:03:00.000,2011-06-24 05:01:00.000
I0A99-0000,3050HZL001000            ,A  ,125.00000,2011-06-22 23:59:00.000,10,SUBPREC,2011-06-24 07:46:00.000,2011-07-01 07:46:00.000
I0A99-0000,3050HZL001000            ,A  ,125.00000,2011-06-22 23:59:00.000,20,96     ,2011-07-01 07:46:00.000,2011-07-01 07:58:00.000
I0A9H-0000,AUX5021-01               ,0  ,14.00000,2011-06-23 00:00:00.000,10,17-CAT ,1900-01-01 00:00:00.000,1900-01-01 00:00:00.000
I0A9H-0000,AUX5021-01               ,0  ,14.00000,2011-06-23 00:00:00.000,20,35-CAT ,1900-01-01 00:00:00.000,1900-01-01 00:00:00.000
I0A2H-0001,11D1237H01A              ,06 ,12.00000,2011-06-23 11:06:00.000,10,17     ,2011-06-22 20:16:00.000,2011-06-22 21:00:00.000
I0A2H-0001,11D1237H01A              ,06 ,12.00000,2011-06-23 11:06:00.000,20,50     ,2011-06-21 15:00:00.000,2011-06-21 15:06:00.000
I0A2H-0001,11D1237H01A              ,06 ,12.00000,2011-06-23 11:06:00.000,30,65     ,2011-06-22 07:28:00.000,2011-06-22 07:53:00.000
I0A2H-0001,11D1237H01A              ,06 ,12.00000,2011-06-23 11:06:00.000,40,35     ,2011-06-23 13:04:00.000,2011-06-23 13:22:00.000
I0A2H-0001,11D1237H01A              ,06 ,12.00000,2011-06-23 11:06:00.000,50,35     ,2011-06-23 18:51:00.000,2011-06-23 19:10:00.000
I0A2H-0001,11D1237H01A              ,06 ,12.00000,2011-06-23 11:06:00.000,60,35     ,2011-06-23 19:10:00.000,2011-06-23 19:30:00.000
I0A2H-0001,11D1237H01A              ,06 ,12.00000,2011-06-23 11:06:00.000,70,35     ,2011-06-23 19:30:00.000,2011-06-23 19:43:00.000
I0A2H-0001,11D1237H01A              ,06 ,12.00000,2011-06-23 11:06:00.000,80,35     ,2011-06-23 19:43:00.000,2011-06-23 19:55:00.000
I09W1-0000,44X44SCRAPBIN            ,00 ,10.00000,2011-06-23 23:59:00.000,10,70     ,2011-06-13 14:04:00.000,2011-06-14 08:14:00.000
I09W1-0000,44X44SCRAPBIN            ,00 ,10.00000,2011-06-23 23:59:00.000,20,70     ,2011-06-14 14:00:00.000,2011-06-15 08:10:00.000
I09W1-0000,44X44SCRAPBIN            ,00 ,10.00000,2011-06-23 23:59:00.000,30,70     ,2011-06-13 13:23:00.000,2011-06-15 09:49:00.000
I09W1-0000,44X44SCRAPBIN            ,00 ,10.00000,2011-06-23 23:59:00.000,40,90     ,2011-06-15 10:19:00.000,2011-06-15 10:50:00.000
I09W1-0000,44X44SCRAPBIN            ,00 ,10.00000,2011-06-23 23:59:00.000,50,95     ,2011-06-23 07:46:00.000,2011-06-24 10:31:00.000
I09W1-0000,44X44SCRAPBIN            ,00 ,10.00000,2011-06-23 23:59:00.000,60,91     ,2011-06-27 11:01:00.000,2011-06-27 11:32:00.000
I0A6G-0000,CRCOM0558                ,1  ,60.00000,2011-06-24 10:54:00.000,10,145-CAT,2011-06-23 12:21:00.000,2011-06-23 13:27:00.000
I0A6G-0000,CRCOM0558                ,1  ,60.00000,2011-06-24 10:54:00.000,20,157-CAT,2011-06-23 13:57:00.000,2011-06-24 07:03:00.000
I0A6G-0000,CRCOM0558                ,1  ,60.00000,2011-06-24 10:54:00.000,30,157-CAT,2011-06-24 07:33:00.000,2011-06-24 08:19:00.000
I0A6G-0000,CRCOM0558                ,1  ,60.00000,2011-06-24 10:54:00.000,40,60-CAT ,2011-06-24 08:49:00.000,2011-06-24 09:19:00.000
I0A6G-0000,CRCOM0558                ,1  ,60.00000,2011-06-24 10:54:00.000,50,35-CAT ,2011-06-24 09:49:00.000,2011-06-24 10:55:00.000
I0A6G-0000,CRCOM0558                ,1  ,60.00000,2011-06-24 10:54:00.000,60,140-CAT,2011-06-24 11:25:00.000,2011-06-24 11:32:00.000
I0A6G-0000,CRCOM0558                ,1  ,60.00000,2011-06-24 10:54:00.000,70,SUBPREC,2011-06-24 13:32:00.000,2011-06-29 13:32:00.000
I0A6E-0000,AUX6006-01-ZY            ,0  ,60.00000,2011-06-24 12:24:00.000,10,70-CAT ,2011-06-23 07:10:00.000,2011-06-23 08:22:00.000
I0A6E-0000,AUX6006-01-ZY            ,0  ,60.00000,2011-06-24 12:24:00.000,20,60-CAT ,2011-06-23 08:52:00.000,2011-06-23 09:22:00.000
I0A6E-0000,AUX6006-01-ZY            ,0  ,60.00000,2011-06-24 12:24:00.000,30,140    ,2011-06-23 09:52:00.000,2011-06-23 10:23:00.000
I0A6E-0000,AUX6006-01-ZY            ,0  ,60.00000,2011-06-24 12:24:00.000,40,SUBPREC,2011-06-23 10:23:00.000,2011-06-28 10:23:00.000
I0A5D-0000,AG3999788                ,00 ,50.00000,2011-06-24 13:55:00.000,10,75     ,2011-06-23 15:21:00.000,2011-06-23 20:41:00.000
I0A5D-0000,AG3999788                ,00 ,50.00000,2011-06-24 13:55:00.000,20,90     ,2011-06-23 21:11:00.000,2011-06-23 21:42:00.000
I0A5D-0000,AG3999788                ,00 ,50.00000,2011-06-24 13:55:00.000,30,240    ,2011-06-24 07:00:00.000,2011-06-24 08:55:00.000
I0A5D-0000,AG3999788                ,00 ,50.00000,2011-06-24 13:55:00.000,40,96     ,2011-06-24 09:25:00.000,2011-06-24 09:54:00.000
I0A5E-0000,AG3999789                ,01 ,50.00000,2011-06-24 13:55:00.000,10,15     ,2011-06-22 10:38:00.000,2011-06-22 12:40:00.000
I0A5E-0000,AG3999789                ,01 ,50.00000,2011-06-24 13:55:00.000,20,35     ,2011-06-23 08:27:00.000,2011-06-23 09:16:00.000
I0A5E-0000,AG3999789                ,01 ,50.00000,2011-06-24 13:55:00.000,30,90     ,2011-06-23 09:46:00.000,2011-06-23 10:17:00.000
I0A5E-0000,AG3999789                ,01 ,50.00000,2011-06-24 13:55:00.000,40,96     ,2011-07-01 07:46:00.000,2011-07-01 08:18:00.000
I08X1-0000,408495828                ,   ,232.00000,2011-06-24 23:59:00.000,10,240-CAT,2011-06-23 11:49:00.000,2011-06-24 07:41:00.000
I09GJ-0000,MPAMTADM6050             ,B  ,1.00000,2011-06-24 23:59:00.000,10,75     ,2011-06-15 07:10:00.000,2011-06-15 07:27:00.000
I09GJ-0000,MPAMTADM6050             ,B  ,1.00000,2011-06-24 23:59:00.000,20,70     ,2011-06-15 07:57:00.000,2011-06-15 08:22:00.000
I09GJ-0000,MPAMTADM6050             ,B  ,1.00000,2011-06-24 23:59:00.000,30,60     ,2011-06-15 08:52:00.000,2011-06-15 09:19:00.000
I09GJ-0000,MPAMTADM6050             ,B  ,1.00000,2011-06-24 23:59:00.000,40,90     ,2011-06-16 07:41:00.000,2011-06-16 08:12:00.000
I09GJ-0000,MPAMTADM6050             ,B  ,1.00000,2011-06-24 23:59:00.000,50,140    ,2011-06-16 11:31:00.000,2011-06-16 12:02:00.000
I09GJ-0000,MPAMTADM6050             ,B  ,1.00000,2011-06-24 23:59:00.000,60,SUBPREC,2011-06-20 07:18:00.000,2011-06-21 00:00:00.000
I09GJ-0000,MPAMTADM6050             ,B  ,1.00000,2011-06-24 23:59:00.000,70,65     ,2011-06-23 07:59:00.000,2011-06-23 08:06:00.000
I09GJ-0000,MPAMTADM6050             ,B  ,1.00000,2011-06-24 23:59:00.000,80,65     ,2011-06-23 08:36:00.000,2011-06-23 08:44:00.000
I09GJ-0000,MPAMTADM6050             ,B  ,1.00000,2011-06-24 23:59:00.000,90,65     ,2011-06-23 09:14:00.000,2011-06-23 09:21:00.000
I09GJ-0000,MPAMTADM6050             ,B  ,1.00000,2011-06-24 23:59:00.000,100,65     ,2011-06-23 09:51:00.000,2011-06-23 09:59:00.000
I09GJ-0000,MPAMTADM6050             ,B  ,1.00000,2011-06-24 23:59:00.000,110,90     ,2011-06-23 10:29:00.000,2011-06-23 11:00:00.000
I09GJ-0000,MPAMTADM6050             ,B  ,1.00000,2011-06-24 23:59:00.000,120,94     ,2011-06-23 11:00:00.000,2011-06-23 11:10:00.000
I09GJ-0000,MPAMTADM6050             ,B  ,1.00000,2011-06-24 23:59:00.000,130,96     ,2011-06-24 05:00:00.000,2011-06-24 05:07:00.000
I09GJ-0000,MPAMTADM6050             ,B  ,1.00000,2011-06-24 23:59:00.000,140,65     ,2011-06-24 13:07:00.000,2011-06-24 13:16:00.000
I09GJ-0000,MPAMTADM6050             ,B  ,1.00000,2011-06-24 23:59:00.000,150,90     ,2011-06-24 13:46:00.000,2011-06-24 14:17:00.000
I09GY-0000,MPAMTADM9750             ,C  ,1.00000,2011-06-24 23:59:00.000,10,70     ,2011-06-13 08:12:00.000,2011-06-13 08:24:00.000
I09GY-0000,MPAMTADM9750             ,C  ,1.00000,2011-06-24 23:59:00.000,15,60     ,2011-06-13 08:54:00.000,2011-06-13 09:14:00.000
I09GY-0000,MPAMTADM9750             ,C  ,1.00000,2011-06-24 23:59:00.000,20,90     ,2011-06-13 09:14:00.000,2011-06-13 09:45:00.000
I09GY-0000,MPAMTADM9750             ,C  ,1.00000,2011-06-24 23:59:00.000,30,140    ,2011-06-13 09:45:00.000,2011-06-13 10:16:00.000
I09GY-0000,MPAMTADM9750             ,C  ,1.00000,2011-06-24 23:59:00.000,40,SUBPREC,2011-06-13 12:16:00.000,2011-06-20 12:16:00.000
I09GY-0000,MPAMTADM9750             ,C  ,1.00000,2011-06-24 23:59:00.000,50,65     ,2011-06-20 12:16:00.000,2011-06-20 12:23:00.000
I09GY-0000,MPAMTADM9750             ,C  ,1.00000,2011-06-24 23:59:00.000,60,65     ,2011-06-20 12:23:00.000,2011-06-20 12:32:00.000
I09GY-0000,MPAMTADM9750             ,C  ,1.00000,2011-06-24 23:59:00.000,70,65     ,2011-06-20 12:32:00.000,2011-06-20 12:41:00.000
I09GY-0000,MPAMTADM9750             ,C  ,1.00000,2011-06-24 23:59:00.000,80,65     ,2011-06-20 12:41:00.000,2011-06-20 12:48:00.000
I09GY-0000,MPAMTADM9750             ,C  ,1.00000,2011-06-24 23:59:00.000,90,65     ,2011-06-20 12:48:00.000,2011-06-20 12:58:00.000
I09GY-0000,MPAMTADM9750             ,C  ,1.00000,2011-06-24 23:59:00.000,100,65     ,2011-06-20 12:58:00.000,2011-06-20 13:05:00.000
I09GY-0000,MPAMTADM9750             ,C  ,1.00000,2011-06-24 23:59:00.000,120,90     ,2011-06-23 07:46:00.000,2011-06-23 08:17:00.000
I09GY-0000,MPAMTADM9750             ,C  ,1.00000,2011-06-24 23:59:00.000,130,94     ,2011-06-23 08:17:00.000,2011-06-23 08:31:00.000
I09GY-0000,MPAMTADM9750             ,C  ,1.00000,2011-06-24 23:59:00.000,140,96     ,2011-06-24 05:00:00.000,2011-06-24 05:07:00.000
I09GY-0000,MPAMTADM9750             ,C  ,1.00000,2011-06-24 23:59:00.000,150,135    ,2011-06-24 13:07:00.000,2011-06-24 13:29:00.000
I09GY-0000,MPAMTADM9750             ,C  ,1.00000,2011-06-24 23:59:00.000,160,35     ,2011-06-24 13:29:00.000,2011-06-24 15:18:00.000
I09GY-0000,MPAMTADM9750             ,C  ,1.00000,2011-06-24 23:59:00.000,170,91     ,2011-06-27 07:00:00.000,2011-06-27 07:31:00.000
I09QB-0000,MPAMTAEM2850             ,02 ,11.00000,2011-06-24 23:59:00.000,10,15     ,2011-06-21 19:06:00.000,2011-06-21 19:58:00.000
I09QB-0000,MPAMTAEM2850             ,02 ,11.00000,2011-06-24 23:59:00.000,20,35     ,2011-06-22 07:08:00.000,2011-06-22 07:35:00.000
I09QB-0000,MPAMTAEM2850             ,02 ,11.00000,2011-06-24 23:59:00.000,30,35     ,2011-06-22 08:05:00.000,2011-06-22 08:37:00.000
I09QB-0000,MPAMTAEM2850             ,02 ,11.00000,2011-06-24 23:59:00.000,40,65     ,2011-06-22 08:37:00.000,2011-06-22 09:07:00.000
I09QB-0000,MPAMTAEM2850             ,02 ,11.00000,2011-06-24 23:59:00.000,50,65     ,2011-06-22 09:37:00.000,2011-06-22 09:49:00.000
I09QB-0000,MPAMTAEM2850             ,02 ,11.00000,2011-06-24 23:59:00.000,60,65     ,2011-06-22 09:49:00.000,2011-06-22 10:43:00.000
I09QB-0000,MPAMTAEM2850             ,02 ,11.00000,2011-06-24 23:59:00.000,70,65     ,2011-06-22 10:43:00.000,2011-06-22 11:05:00.000
I09QB-0000,MPAMTAEM2850             ,02 ,11.00000,2011-06-24 23:59:00.000,80,90     ,2011-06-23 07:46:00.000,2011-06-23 08:17:00.000
I09QB-0000,MPAMTAEM2850             ,02 ,11.00000,2011-06-24 23:59:00.000,90,94     ,2011-06-23 08:17:00.000,2011-06-23 09:32:00.000
I09QB-0000,MPAMTAEM2850             ,02 ,11.00000,2011-06-24 23:59:00.000,100,96     ,2011-06-24 05:00:00.000,2011-06-24 05:15:00.000
I09QB-0000,MPAMTAEM2850             ,02 ,11.00000,2011-06-24 23:59:00.000,110,91     ,2011-06-24 13:15:00.000,2011-06-24 13:46:00.000
I09TW-0000,3060800851               ,O  ,25.00000,2011-06-24 23:59:00.000,10,75     ,2011-06-07 16:56:00.000,2011-06-07 19:06:00.000
I09TW-0000,3060800851               ,O  ,25.00000,2011-06-24 23:59:00.000,20,75     ,2011-06-07 19:36:00.000,2011-06-07 20:06:00.000
I09TW-0000,3060800851               ,O  ,25.00000,2011-06-24 23:59:00.000,30,90     ,2011-06-08 07:42:00.000,2011-06-08 08:13:00.000
I09TW-0000,3060800851               ,O  ,25.00000,2011-06-24 23:59:00.000,40,95     ,2011-06-17 07:06:00.000,2011-06-17 07:30:00.000
I09TW-0000,3060800851               ,O  ,25.00000,2011-06-24 23:59:00.000,50,65     ,2011-06-20 07:31:00.000,2011-06-20 07:59:00.000
I09TW-0000,3060800851               ,O  ,25.00000,2011-06-24 23:59:00.000,60,90     ,2011-06-23 07:46:00.000,2011-06-23 07:47:00.000
I09UY-0000,MPAMTADM0250             ,02 ,36.00000,2011-06-24 23:59:00.000,10,15     ,2011-06-15 19:10:00.000,2011-06-15 19:56:00.000
I09UY-0000,MPAMTADM0250             ,02 ,36.00000,2011-06-24 23:59:00.000,20,35     ,2011-06-17 16:41:00.000,2011-06-17 17:38:00.000
I09UY-0000,MPAMTADM0250             ,02 ,36.00000,2011-06-24 23:59:00.000,30,90     ,2011-06-20 07:18:00.000,2011-06-20 07:49:00.000
I09UY-0000,MPAMTADM0250             ,02 ,36.00000,2011-06-24 23:59:00.000,40,94     ,2011-06-20 07:49:00.000,2011-06-20 08:46:00.000
I09UY-0000,MPAMTADM0250             ,02 ,36.00000,2011-06-24 23:59:00.000,50,96     ,2011-06-24 05:00:00.000,2011-06-24 05:12:00.000
I09UY-0000,MPAMTADM0250             ,02 ,36.00000,2011-06-24 23:59:00.000,60,135    ,2011-06-24 07:00:00.000,2011-06-24 07:24:00.000
I09UY-0000,MPAMTADM0250             ,02 ,36.00000,2011-06-24 23:59:00.000,70,91     ,2011-06-24 07:24:00.000,2011-06-24 07:55:00.000
I09X7-0000,002125952                ,01 ,29.00000,2011-06-24 23:59:00.000,10,145    ,2011-06-20 07:58:00.000,2011-06-20 08:27:00.000
I09X7-0000,002125952                ,01 ,29.00000,2011-06-24 23:59:00.000,20,156    ,2011-07-15 14:27:00.000,2011-07-18 10:50:00.000
I09X7-0000,002125952                ,01 ,29.00000,2011-06-24 23:59:00.000,30,90     ,2011-07-18 11:20:00.000,2011-07-18 11:51:00.000
I09X7-0000,002125952                ,01 ,29.00000,2011-06-24 23:59:00.000,40,140    ,2011-07-18 11:51:00.000,2011-07-18 12:22:00.000
I09X7-0000,002125952                ,01 ,29.00000,2011-06-24 23:59:00.000,50,SUBPREC,2011-07-18 12:22:00.000,2011-07-21 12:22:00.000
I09X7-0000,002125952                ,01 ,29.00000,2011-06-24 23:59:00.000,60,156    ,2011-07-21 12:22:00.000,2011-07-22 08:45:00.000
I09X7-0000,002125952                ,01 ,29.00000,2011-06-24 23:59:00.000,70,240    ,2011-07-22 09:15:00.000,2011-07-22 10:02:00.000
I09X7-0000,002125952                ,01 ,29.00000,2011-06-24 23:59:00.000,80,91     ,2011-07-22 10:32:00.000,2011-07-22 11:04:00.000
I09XE-0000,MPL70500018              ,01 ,1.00000,2011-06-24 23:59:00.000,10,70     ,2011-06-20 08:21:00.000,2011-06-20 09:21:00.000
I09XE-0000,MPL70500018              ,01 ,1.00000,2011-06-24 23:59:00.000,20,60     ,2011-06-22 07:08:00.000,2011-06-22 07:38:00.000
I09XE-0000,MPL70500018              ,01 ,1.00000,2011-06-24 23:59:00.000,30,90     ,2011-06-23 07:46:00.000,2011-06-23 08:17:00.000
I09XE-0000,MPL70500018              ,01 ,1.00000,2011-06-24 23:59:00.000,40,94     ,2011-06-23 08:17:00.000,2011-06-23 08:37:00.000
I09XE-0000,MPL70500018              ,01 ,1.00000,2011-06-24 23:59:00.000,50,96     ,2011-06-24 05:00:00.000,2011-06-24 05:16:00.000
I09XE-0000,MPL70500018              ,01 ,1.00000,2011-06-24 23:59:00.000,60,91     ,2011-06-24 13:16:00.000,2011-06-24 13:47:00.000
I09XF-0000,MPL70500019              ,01 ,1.00000,2011-06-24 23:59:00.000,10,70     ,2011-06-20 09:21:00.000,2011-06-20 10:06:00.000
I09XF-0000,MPL70500019              ,01 ,1.00000,2011-06-24 23:59:00.000,20,60     ,2011-06-23 07:46:00.000,2011-06-23 08:11:00.000
I09XF-0000,MPL70500019              ,01 ,1.00000,2011-06-24 23:59:00.000,30,90     ,2011-06-23 08:41:00.000,2011-06-23 09:12:00.000
I09XF-0000,MPL70500019              ,01 ,1.00000,2011-06-24 23:59:00.000,40,94     ,2011-06-23 09:12:00.000,2011-06-23 09:29:00.000
I09XF-0000,MPL70500019              ,01 ,1.00000,2011-06-24 23:59:00.000,50,96     ,2011-06-24 05:00:00.000,2011-06-24 05:16:00.000
I09XF-0000,MPL70500019              ,01 ,1.00000,2011-06-24 23:59:00.000,60,91     ,2011-06-24 13:16:00.000,2011-06-24 13:47:00.000
I09Z6-0000,MPAMTADM0250             ,02 ,25.00000,2011-06-24 23:59:00.000,10,15     ,2011-06-15 19:56:00.000,2011-06-15 20:34:00.000
I09Z6-0000,MPAMTADM0250             ,02 ,25.00000,2011-06-24 23:59:00.000,20,35     ,2011-06-17 18:23:00.000,2011-06-17 19:11:00.000
I09Z6-0000,MPAMTADM0250             ,02 ,25.00000,2011-06-24 23:59:00.000,30,90     ,2011-06-20 07:18:00.000,2011-06-20 07:49:00.000
I09Z6-0000,MPAMTADM0250             ,02 ,25.00000,2011-06-24 23:59:00.000,40,94     ,2011-06-20 07:49:00.000,2011-06-20 08:33:00.000
I09Z6-0000,MPAMTADM0250             ,02 ,25.00000,2011-06-24 23:59:00.000,50,96     ,2011-06-24 05:00:00.000,2011-06-24 05:11:00.000
I09Z6-0000,MPAMTADM0250             ,02 ,25.00000,2011-06-24 23:59:00.000,60,135    ,2011-06-24 07:00:00.000,2011-06-24 07:18:00.000
I09Z6-0000,MPAMTADM0250             ,02 ,25.00000,2011-06-24 23:59:00.000,70,91     ,2011-06-24 07:18:00.000,2011-06-24 07:49:00.000
I09ZF-0000,MPAMTAEM2850             ,02 ,15.00000,2011-06-24 23:59:00.000,10,17     ,2011-06-14 17:33:00.000,2011-06-14 18:33:00.000
I09ZF-0000,MPAMTAEM2850             ,02 ,15.00000,2011-06-24 23:59:00.000,20,35     ,2011-06-15 07:10:00.000,2011-06-15 07:39:00.000
I09ZF-0000,MPAMTAEM2850             ,02 ,15.00000,2011-06-24 23:59:00.000,30,35     ,2011-06-15 12:29:00.000,2011-06-15 13:05:00.000
I09ZF-0000,MPAMTAEM2850             ,02 ,15.00000,2011-06-24 23:59:00.000,40,65     ,2011-06-15 13:05:00.000,2011-06-15 13:45:00.000
I09ZF-0000,MPAMTAEM2850             ,02 ,15.00000,2011-06-24 23:59:00.000,50,65     ,2011-06-15 14:15:00.000,2011-06-15 14:29:00.000
I09ZF-0000,MPAMTAEM2850             ,02 ,15.00000,2011-06-24 23:59:00.000,60,65     ,2011-06-15 14:29:00.000,2011-06-15 16:13:00.000
I09ZF-0000,MPAMTAEM2850             ,02 ,15.00000,2011-06-24 23:59:00.000,70,65     ,2011-06-15 16:49:00.000,2011-06-15 17:18:00.000
I09ZF-0000,MPAMTAEM2850             ,02 ,15.00000,2011-06-24 23:59:00.000,80,90     ,2011-06-16 07:41:00.000,2011-06-16 08:12:00.000
I09ZF-0000,MPAMTAEM2850             ,02 ,15.00000,2011-06-24 23:59:00.000,90,94     ,2011-06-16 08:12:00.000,2011-06-16 09:56:00.000
I09ZF-0000,MPAMTAEM2850             ,02 ,15.00000,2011-06-24 23:59:00.000,100,96     ,2011-06-24 05:00:00.000,2011-06-24 05:19:00.000
I09ZF-0000,MPAMTAEM2850             ,02 ,15.00000,2011-06-24 23:59:00.000,110,91     ,2011-06-24 13:19:00.000,2011-06-24 13:50:00.000
I09ZT-0000,FM101503V1               ,C  ,60.00000,2011-06-24 23:59:00.000,10,15     ,2011-06-15 08:32:00.000,2011-06-15 10:11:00.000
I09ZT-0000,FM101503V1               ,C  ,60.00000,2011-06-24 23:59:00.000,20,50     ,2011-06-16 15:00:00.000,2011-06-16 15:26:00.000
I09ZT-0000,FM101503V1               ,C  ,60.00000,2011-06-24 23:59:00.000,30,35     ,2011-06-17 10:12:00.000,2011-06-17 10:52:00.000
I09ZT-0000,FM101503V1               ,C  ,60.00000,2011-06-24 23:59:00.000,40,90     ,2011-06-17 11:22:00.000,2011-06-17 11:53:00.000
I09ZT-0000,FM101503V1               ,C  ,60.00000,2011-06-24 23:59:00.000,50,140    ,2011-06-17 11:53:00.000,2011-06-17 12:24:00.000
I09ZT-0000,FM101503V1               ,C  ,60.00000,2011-06-24 23:59:00.000,60,SUBPREC,2011-06-22 07:08:00.000,2011-06-23 00:00:00.000
I09ZT-0000,FM101503V1               ,C  ,60.00000,2011-06-24 23:59:00.000,70,240    ,2011-06-23 07:00:00.000,2011-06-23 07:49:00.000
I09ZT-0000,FM101503V1               ,C  ,60.00000,2011-06-24 23:59:00.000,80,90     ,2011-06-23 08:19:00.000,2011-06-23 08:38:00.000
I0A01-0000,MPL70500018              ,01 ,1.00000,2011-06-24 23:59:00.000,10,70     ,2011-06-20 08:30:00.000,2011-06-20 09:30:00.000
I0A01-0000,MPL70500018              ,01 ,1.00000,2011-06-24 23:59:00.000,20,60     ,2011-06-22 07:38:00.000,2011-06-22 08:08:00.000
I0A01-0000,MPL70500018              ,01 ,1.00000,2011-06-24 23:59:00.000,30,90     ,2011-06-22 08:38:00.000,2011-06-22 09:09:00.000
I0A01-0000,MPL70500018              ,01 ,1.00000,2011-06-24 23:59:00.000,40,94     ,2011-06-23 07:46:00.000,2011-06-23 08:06:00.000
I0A01-0000,MPL70500018              ,01 ,1.00000,2011-06-24 23:59:00.000,50,96     ,2011-06-24 05:00:00.000,2011-06-24 05:16:00.000
I0A01-0000,MPL70500018              ,01 ,1.00000,2011-06-24 23:59:00.000,60,91     ,2011-06-24 13:16:00.000,2011-06-24 13:47:00.000
I0A02-0000,MPL71010041              ,01 ,1.00000,2011-06-24 23:59:00.000,10,17     ,2011-06-15 19:58:00.000,2011-06-15 20:15:00.000
I0A02-0000,MPL71010041              ,01 ,1.00000,2011-06-24 23:59:00.000,20,35     ,2011-06-20 11:15:00.000,2011-06-20 11:33:00.000
I0A02-0000,MPL71010041              ,01 ,1.00000,2011-06-24 23:59:00.000,30,35     ,2011-06-20 15:14:00.000,2011-06-20 15:32:00.000
I0A02-0000,MPL71010041              ,01 ,1.00000,2011-06-24 23:59:00.000,40,90     ,2011-06-21 12:19:00.000,2011-06-21 12:50:00.000
I0A02-0000,MPL71010041              ,01 ,1.00000,2011-06-24 23:59:00.000,50,96     ,2011-06-24 05:00:00.000,2011-06-24 05:07:00.000
I0A02-0000,MPL71010041              ,01 ,1.00000,2011-06-24 23:59:00.000,60,91     ,2011-06-24 13:07:00.000,2011-06-24 13:38:00.000
I0A05-0000,MPL72030038              ,01 ,7.00000,2011-06-24 23:59:00.000,10,75     ,2011-06-17 08:20:00.000,2011-06-17 08:51:00.000
I0A05-0000,MPL72030038              ,01 ,7.00000,2011-06-24 23:59:00.000,20,70     ,2011-06-20 07:30:00.000,2011-06-20 08:17:00.000
I0A05-0000,MPL72030038              ,01 ,7.00000,2011-06-24 23:59:00.000,30,60     ,2011-06-20 08:17:00.000,2011-06-20 08:39:00.000
I0A05-0000,MPL72030038              ,01 ,7.00000,2011-06-24 23:59:00.000,40,90     ,2011-06-20 08:39:00.000,2011-06-20 09:10:00.000
I0A05-0000,MPL72030038              ,01 ,7.00000,2011-06-24 23:59:00.000,50,94     ,2011-06-20 09:10:00.000,2011-06-20 09:32:00.000
I0A05-0000,MPL72030038              ,01 ,7.00000,2011-06-24 23:59:00.000,60,96     ,2011-06-24 05:00:00.000,2011-06-24 05:09:00.000
I0A05-0000,MPL72030038              ,01 ,7.00000,2011-06-24 23:59:00.000,70,130    ,2011-06-24 13:14:00.000,2011-06-27 07:48:00.000
I0A05-0000,MPL72030038              ,01 ,7.00000,2011-06-24 23:59:00.000,80,91     ,2011-06-27 07:48:00.000,2011-06-27 08:19:00.000
I0A3G-0000,SXA1204303               ,B  ,300.00000,2011-06-24 23:59:00.000,10,17     ,2011-06-14 18:33:00.000,2011-06-14 19:10:00.000
I0A3G-0000,SXA1204303               ,B  ,300.00000,2011-06-24 23:59:00.000,20,60     ,2011-06-15 11:40:00.000,2011-06-15 13:00:00.000
I0A3G-0000,SXA1204303               ,B  ,300.00000,2011-06-24 23:59:00.000,30,35     ,2011-06-15 13:05:00.000,2011-06-15 15:52:00.000
I0A3G-0000,SXA1204303               ,B  ,300.00000,2011-06-24 23:59:00.000,40,65     ,2011-06-15 16:22:00.000,2011-06-15 17:52:00.000
I0A3G-0000,SXA1204303               ,B  ,300.00000,2011-06-24 23:59:00.000,50,90     ,2011-06-15 18:22:00.000,2011-06-15 18:53:00.000
I0A3G-0000,SXA1204303               ,B  ,300.00000,2011-06-24 23:59:00.000,60,94     ,2011-06-22 07:08:00.000,2011-06-22 08:37:00.000
I0A3G-0000,SXA1204303               ,B  ,300.00000,2011-06-24 23:59:00.000,70,96     ,2011-06-24 05:00:00.000,2011-06-24 05:10:00.000
I0A3G-0000,SXA1204303               ,B  ,300.00000,2011-06-24 23:59:00.000,80,135    ,2011-06-24 13:10:00.000,2011-06-29 13:10:00.000
I0A3G-0000,SXA1204303               ,B  ,300.00000,2011-06-24 23:59:00.000,90,91     ,2011-06-29 13:10:00.000,2011-06-29 13:41:00.000
I0A3R-0000,MPAMTADM0250             ,02 ,10.00000,2011-06-24 23:59:00.000,10,15     ,2011-06-20 16:33:00.000,2011-06-20 17:01:00.000
I0A3R-0000,MPAMTADM0250             ,02 ,10.00000,2011-06-24 23:59:00.000,20,35     ,2011-06-22 07:35:00.000,2011-06-22 08:10:00.000
I0A3R-0000,MPAMTADM0250             ,02 ,10.00000,2011-06-24 23:59:00.000,30,90     ,2011-06-22 08:40:00.000,2011-06-22 09:11:00.000
I0A3R-0000,MPAMTADM0250             ,02 ,10.00000,2011-06-24 23:59:00.000,40,94     ,2011-06-23 07:46:00.000,2011-06-23 08:07:00.000
I0A3R-0000,MPAMTADM0250             ,02 ,10.00000,2011-06-24 23:59:00.000,50,96     ,2011-06-28 05:00:00.000,2011-06-28 05:08:00.000
I0A3R-0000,MPAMTADM0250             ,02 ,10.00000,2011-06-24 23:59:00.000,60,135    ,2011-06-28 07:00:00.000,2011-06-28 07:08:00.000
I0A3R-0000,MPAMTADM0250             ,02 ,10.00000,2011-06-24 23:59:00.000,70,91     ,2011-06-28 07:08:00.000,2011-06-28 07:39:00.000
I0A59-0000,MPL70020017              ,05 ,1.00000,2011-06-24 23:59:00.000,40,94     ,2011-06-23 07:46:00.000,2011-06-23 08:28:00.000
I0A59-0000,MPL70020017              ,05 ,1.00000,2011-06-24 23:59:00.000,50,96     ,2011-06-24 05:00:00.000,2011-06-24 05:07:00.000
I0A59-0000,MPL70020017              ,05 ,1.00000,2011-06-24 23:59:00.000,60,91     ,2011-06-24 13:07:00.000,2011-06-24 13:38:00.000
I0A5S-0000,154473502                ,A  ,9200.00000,2011-06-24 23:59:00.000,10,15     ,2011-06-23 07:46:00.000,2011-07-01 07:11:00.000
I0A5S-0000,154473502                ,A  ,9200.00000,2011-06-24 23:59:00.000,20,35     ,2011-07-01 16:41:00.000,2011-07-11 15:51:00.000
I0A5S-0000,154473502                ,A  ,9200.00000,2011-06-24 23:59:00.000,30,90     ,2011-07-11 16:21:00.000,2011-07-11 16:52:00.000
I0A1C-0000,INPUTPANELCAD200STERIO   ,-  ,50.00000,2011-06-27 23:59:00.000,10,17     ,2011-06-20 16:41:00.000,2011-06-20 17:41:00.000
I0A1C-0000,INPUTPANELCAD200STERIO   ,-  ,50.00000,2011-06-27 23:59:00.000,20,65     ,2011-06-21 15:58:00.000,2011-06-21 17:05:00.000
I0A1C-0000,INPUTPANELCAD200STERIO   ,-  ,50.00000,2011-06-27 23:59:00.000,30,90     ,2011-06-22 07:08:00.000,2011-06-22 07:39:00.000
I0A1C-0000,INPUTPANELCAD200STERIO   ,-  ,50.00000,2011-06-27 23:59:00.000,40,94     ,2011-06-23 07:46:00.000,2011-06-23 09:01:00.000
I0A1C-0000,INPUTPANELCAD200STERIO   ,-  ,50.00000,2011-06-27 23:59:00.000,50,96     ,2011-06-24 05:00:00.000,2011-06-24 05:06:00.000
I0A1C-0000,INPUTPANELCAD200STERIO   ,-  ,50.00000,2011-06-27 23:59:00.000,60,130    ,2011-06-24 14:23:00.000,2011-06-27 10:02:00.000
I0A1C-0000,INPUTPANELCAD200STERIO   ,-  ,50.00000,2011-06-27 23:59:00.000,70,91     ,2011-06-27 10:32:00.000,2011-06-27 11:03:00.000
I0A1D-0000,INPUTPANELCAD500MONO     ,-  ,50.00000,2011-06-27 23:59:00.000,10,17     ,2011-06-20 17:01:00.000,2011-06-20 17:57:00.000
I0A1D-0000,INPUTPANELCAD500MONO     ,-  ,50.00000,2011-06-27 23:59:00.000,20,65     ,2011-06-21 17:02:00.000,2011-06-21 18:09:00.000
I0A1D-0000,INPUTPANELCAD500MONO     ,-  ,50.00000,2011-06-27 23:59:00.000,30,90     ,2011-06-22 07:08:00.000,2011-06-22 07:39:00.000
I0A1D-0000,INPUTPANELCAD500MONO     ,-  ,50.00000,2011-06-27 23:59:00.000,40,94     ,2011-06-23 07:46:00.000,2011-06-23 09:01:00.000
I0A1D-0000,INPUTPANELCAD500MONO     ,-  ,50.00000,2011-06-27 23:59:00.000,50,96     ,2011-06-24 05:00:00.000,2011-06-24 05:06:00.000
I0A1D-0000,INPUTPANELCAD500MONO     ,-  ,50.00000,2011-06-27 23:59:00.000,60,130    ,2011-06-27 07:48:00.000,2011-06-27 10:57:00.000
I0A1D-0000,INPUTPANELCAD500MONO     ,-  ,50.00000,2011-06-27 23:59:00.000,70,91     ,2011-06-27 11:27:00.000,2011-06-27 11:58:00.000
I0A28-0000,BEVAIRPANELS             ,000,20.00000,2011-06-27 23:59:00.000,10,240    ,2011-06-27 07:12:00.000,2011-06-27 07:57:00.000
I0A2A-0000,LEERRF100KIT             ,   ,20.00000,2011-06-27 23:59:00.000,10,240    ,2011-06-24 13:57:00.000,2011-06-27 07:12:00.000
I0A4J-0000,3950STL000200            ,E  ,1.00000,2011-06-27 23:59:00.000,10,SUBPREC,2011-06-23 07:46:00.000,2011-06-30 07:46:00.000
I0A4J-0000,3950STL000200            ,E  ,1.00000,2011-06-27 23:59:00.000,20,94     ,2011-06-30 07:46:00.000,2011-06-30 08:13:00.000
I0A4J-0000,3950STL000200            ,E  ,1.00000,2011-06-27 23:59:00.000,30,96     ,2011-07-01 05:00:00.000,2011-07-01 05:04:00.000
I0A4Q-0000,FM555350002              ,A  ,50.00000,2011-06-27 23:59:00.000,10,15     ,2011-06-17 08:47:00.000,2011-06-17 10:11:00.000
I0A4Q-0000,FM555350002              ,A  ,50.00000,2011-06-27 23:59:00.000,20,60     ,2011-06-23 07:46:00.000,2011-06-23 09:18:00.000
I0A4Q-0000,FM555350002              ,A  ,50.00000,2011-06-27 23:59:00.000,30,35     ,2011-06-23 09:48:00.000,2011-06-23 10:46:00.000
I0A4Q-0000,FM555350002              ,A  ,50.00000,2011-06-27 23:59:00.000,40,90     ,2011-06-23 11:16:00.000,2011-06-23 11:47:00.000
I0A4Q-0000,FM555350002              ,A  ,50.00000,2011-06-27 23:59:00.000,50,140    ,2011-06-23 11:47:00.000,2011-06-23 12:18:00.000
I0A4Q-0000,FM555350002              ,A  ,50.00000,2011-06-27 23:59:00.000,60,SUBPREC,2011-06-23 12:18:00.000,2011-06-30 12:18:00.000
I0A4Q-0000,FM555350002              ,A  ,50.00000,2011-06-27 23:59:00.000,70,91     ,2011-06-30 12:18:00.000,2011-06-30 12:51:00.000
I0A8V-0000,10000155290001           ,D  ,5.00000,2011-06-27 23:59:00.000,10,15     ,2011-06-22 09:01:00.000,2011-06-22 09:52:00.000
I0A8V-0000,10000155290001           ,D  ,5.00000,2011-06-27 23:59:00.000,20,50     ,2011-06-23 15:00:00.000,2011-06-23 15:16:00.000
I0A8V-0000,10000155290001           ,D  ,5.00000,2011-06-27 23:59:00.000,30,35     ,2011-06-23 15:46:00.000,2011-06-23 16:06:00.000
I0A8V-0000,10000155290001           ,D  ,5.00000,2011-06-27 23:59:00.000,40,65     ,2011-06-23 16:36:00.000,2011-06-23 17:13:00.000
I0A8V-0000,10000155290001           ,D  ,5.00000,2011-06-27 23:59:00.000,50,65     ,2011-06-23 17:43:00.000,2011-06-23 17:51:00.000
I0A8V-0000,10000155290001           ,D  ,5.00000,2011-06-27 23:59:00.000,60,65     ,2011-06-24 07:46:00.000,2011-06-24 07:54:00.000
I0A8V-0000,10000155290001           ,D  ,5.00000,2011-06-27 23:59:00.000,70,90     ,2011-06-24 08:24:00.000,2011-06-24 08:55:00.000
I0A8V-0000,10000155290001           ,D  ,5.00000,2011-06-27 23:59:00.000,80,94     ,2011-06-27 18:25:00.000,2011-06-27 18:45:00.000
I0A8V-0000,10000155290001           ,D  ,5.00000,2011-06-27 23:59:00.000,90,96     ,2011-06-28 05:00:00.000,2011-06-28 05:07:00.000
I0A8V-0000,10000155290001           ,D  ,5.00000,2011-06-27 23:59:00.000,100,130    ,2011-06-28 13:07:00.000,2011-06-28 14:07:00.000
I0A8V-0000,10000155290001           ,D  ,5.00000,2011-06-27 23:59:00.000,110,130    ,2011-06-28 14:07:00.000,2011-06-28 14:25:00.000
I0A8V-0000,10000155290001           ,D  ,5.00000,2011-06-27 23:59:00.000,120,91     ,2011-06-29 07:25:00.000,2011-06-29 07:56:00.000
I09OL-0001,3331378                  ,A  ,25.00000,2011-06-28 09:25:00.000,10,145    ,2011-06-23 07:46:00.000,2011-06-23 08:20:00.000
I0A1J-0000,AUXCOM32-GR              ,0  ,4.00000,2011-06-28 13:17:00.000,10,70-CAT ,2011-06-14 07:14:00.000,2011-06-14 07:30:00.000
I0A1J-0000,AUXCOM32-GR              ,0  ,4.00000,2011-06-28 13:17:00.000,30,96-CAT ,2011-06-24 05:00:00.000,2011-06-24 05:02:00.000
I09SR-0000,MPAMTAAM2150             ,B  ,4.00000,2011-06-28 23:59:00.000,10,70     ,2011-06-22 07:08:00.000,2011-06-22 07:26:00.000
I09SR-0000,MPAMTAAM2150             ,B  ,4.00000,2011-06-28 23:59:00.000,20,60     ,2011-06-23 07:46:00.000,2011-06-23 08:12:00.000
I09SR-0000,MPAMTAAM2150             ,B  ,4.00000,2011-06-28 23:59:00.000,30,65     ,2011-06-23 09:28:00.000,2011-06-23 09:45:00.000
I09SR-0000,MPAMTAAM2150             ,B  ,4.00000,2011-06-28 23:59:00.000,40,90     ,2011-06-23 10:15:00.000,2011-06-23 10:46:00.000
I09SR-0000,MPAMTAAM2150             ,B  ,4.00000,2011-06-28 23:59:00.000,50,94     ,2011-06-23 10:46:00.000,2011-06-23 10:52:00.000
I09SR-0000,MPAMTAAM2150             ,B  ,4.00000,2011-06-28 23:59:00.000,60,96     ,2011-06-28 05:00:00.000,2011-06-28 05:05:00.000
I09SR-0000,MPAMTAAM2150             ,B  ,4.00000,2011-06-28 23:59:00.000,70,135    ,2011-06-28 07:00:00.000,2011-06-28 07:46:00.000
I09SR-0000,MPAMTAAM2150             ,B  ,4.00000,2011-06-28 23:59:00.000,80,91     ,2011-06-28 07:46:00.000,2011-06-28 08:17:00.000
I09SS-0000,MPAMTAAM2350             ,B  ,3.00000,2011-06-28 23:59:00.000,10,65     ,2011-06-22 08:43:00.000,2011-06-22 09:01:00.000
I09SS-0000,MPAMTAAM2350             ,B  ,3.00000,2011-06-28 23:59:00.000,20,65     ,2011-06-22 09:07:00.000,2011-06-22 09:15:00.000
I09SS-0000,MPAMTAAM2350             ,B  ,3.00000,2011-06-28 23:59:00.000,30,65     ,2011-06-22 09:30:00.000,2011-06-22 09:37:00.000
I09SS-0000,MPAMTAAM2350             ,B  ,3.00000,2011-06-28 23:59:00.000,40,35     ,2011-06-22 12:50:00.000,2011-06-22 13:02:00.000
I09SS-0000,MPAMTAAM2350             ,B  ,3.00000,2011-06-28 23:59:00.000,50,90     ,2011-06-22 15:02:00.000,2011-06-22 15:33:00.000
I09SS-0000,MPAMTAAM2350             ,B  ,3.00000,2011-06-28 23:59:00.000,60,94     ,2011-06-23 07:46:00.000,2011-06-23 08:06:00.000
I09SS-0000,MPAMTAAM2350             ,B  ,3.00000,2011-06-28 23:59:00.000,70,96     ,2011-06-28 05:00:00.000,2011-06-28 05:07:00.000
I09SS-0000,MPAMTAAM2350             ,B  ,3.00000,2011-06-28 23:59:00.000,80,135    ,2011-06-28 07:00:00.000,2011-06-28 07:30:00.000
I09SS-0000,MPAMTAAM2350             ,B  ,3.00000,2011-06-28 23:59:00.000,90,91     ,2011-06-28 07:30:00.000,2011-06-28 08:01:00.000
I09SV-0000,MPAMTABM8350             ,B  ,5.00000,2011-06-28 23:59:00.000,10,15     ,2011-06-20 15:47:00.000,2011-06-20 16:13:00.000
I09SV-0000,MPAMTABM8350             ,B  ,5.00000,2011-06-28 23:59:00.000,20,65     ,2011-06-20 18:29:00.000,2011-06-20 18:37:00.000
I09SV-0000,MPAMTABM8350             ,B  ,5.00000,2011-06-28 23:59:00.000,30,90     ,2011-06-20 19:07:00.000,2011-06-20 19:38:00.000
I09SV-0000,MPAMTABM8350             ,B  ,5.00000,2011-06-28 23:59:00.000,40,94     ,2011-06-20 19:38:00.000,2011-06-20 19:46:00.000
I09SV-0000,MPAMTABM8350             ,B  ,5.00000,2011-06-28 23:59:00.000,50,96     ,2011-06-24 05:00:00.000,2011-06-24 05:07:00.000
I09SV-0000,MPAMTABM8350             ,B  ,5.00000,2011-06-28 23:59:00.000,60,135    ,2011-06-24 07:00:00.000,2011-06-24 07:42:00.000
I09SV-0000,MPAMTABM8350             ,B  ,5.00000,2011-06-28 23:59:00.000,70,240    ,2011-06-24 08:33:00.000,2011-06-24 08:43:00.000
I09SV-0000,MPAMTABM8350             ,B  ,5.00000,2011-06-28 23:59:00.000,80,91     ,2011-06-24 09:13:00.000,2011-06-24 09:44:00.000
I09SW-0000,MPAMTABM8650             ,B  ,3.00000,2011-06-28 23:59:00.000,10,15     ,2011-06-17 15:59:00.000,2011-06-17 16:24:00.000
I09SW-0000,MPAMTABM8650             ,B  ,3.00000,2011-06-28 23:59:00.000,20,80     ,2011-06-20 10:21:00.000,2011-06-20 10:32:00.000
I09SW-0000,MPAMTABM8650             ,B  ,3.00000,2011-06-28 23:59:00.000,30,90     ,2011-06-20 07:18:00.000,2011-06-20 07:49:00.000
I09SW-0000,MPAMTABM8650             ,B  ,3.00000,2011-06-28 23:59:00.000,40,96     ,2011-06-24 05:00:00.000,2011-06-24 05:04:00.000
I09SW-0000,MPAMTABM8650             ,B  ,3.00000,2011-06-28 23:59:00.000,50,135    ,2011-06-24 07:00:00.000,2011-06-24 07:38:00.000
I09SW-0000,MPAMTABM8650             ,B  ,3.00000,2011-06-28 23:59:00.000,60,91     ,2011-06-24 07:38:00.000,2011-06-24 08:09:00.000
I09YF-0000,BEVAIRTOPTRIMKIT         ,   ,20.00000,2011-06-28 23:59:00.000,10,240    ,2011-06-24 13:16:00.000,2011-06-24 13:27:00.000
I0A3M-0000,MPAMTAAM2350             ,B  ,10.00000,2011-06-28 23:59:00.000,10,65     ,2011-06-22 08:06:00.000,2011-06-22 08:31:00.000
I0A3M-0000,MPAMTAAM2350             ,B  ,10.00000,2011-06-28 23:59:00.000,20,65     ,2011-06-22 09:01:00.000,2011-06-22 09:13:00.000
I0A3M-0000,MPAMTAAM2350             ,B  ,10.00000,2011-06-28 23:59:00.000,30,65     ,2011-06-22 09:21:00.000,2011-06-22 09:30:00.000
I0A3M-0000,MPAMTAAM2350             ,B  ,10.00000,2011-06-28 23:59:00.000,40,35     ,2011-06-22 12:36:00.000,2011-06-22 12:50:00.000
I0A3M-0000,MPAMTAAM2350             ,B  ,10.00000,2011-06-28 23:59:00.000,50,90     ,2011-06-22 13:20:00.000,2011-06-22 13:51:00.000
I0A3M-0000,MPAMTAAM2350             ,B  ,10.00000,2011-06-28 23:59:00.000,60,94     ,2011-06-23 07:46:00.000,2011-06-23 08:51:00.000
I0A3M-0000,MPAMTAAM2350             ,B  ,10.00000,2011-06-28 23:59:00.000,70,96     ,2011-06-28 05:00:00.000,2011-06-28 05:10:00.000
I0A3M-0000,MPAMTAAM2350             ,B  ,10.00000,2011-06-28 23:59:00.000,80,135    ,2011-06-28 07:00:00.000,2011-06-28 08:02:00.000
I0A3M-0000,MPAMTAAM2350             ,B  ,10.00000,2011-06-28 23:59:00.000,90,91     ,2011-06-28 08:02:00.000,2011-06-28 08:33:00.000
I0A3O-0000,MPAMTABM8350             ,B  ,10.00000,2011-06-28 23:59:00.000,10,15     ,2011-06-20 15:40:00.000,2011-06-20 16:07:00.000
I0A3O-0000,MPAMTABM8350             ,B  ,10.00000,2011-06-28 23:59:00.000,20,65     ,2011-06-20 18:20:00.000,2011-06-20 18:29:00.000
I0A3O-0000,MPAMTABM8350             ,B  ,10.00000,2011-06-28 23:59:00.000,30,90     ,2011-06-20 18:59:00.000,2011-06-20 19:30:00.000
I0A3O-0000,MPAMTABM8350             ,B  ,10.00000,2011-06-28 23:59:00.000,40,94     ,2011-06-20 19:30:00.000,2011-06-20 19:40:00.000
I0A3O-0000,MPAMTABM8350             ,B  ,10.00000,2011-06-28 23:59:00.000,50,96     ,2011-06-24 05:00:00.000,2011-06-24 05:08:00.000
I0A3O-0000,MPAMTABM8350             ,B  ,10.00000,2011-06-28 23:59:00.000,60,135    ,2011-06-24 07:00:00.000,2011-06-24 07:58:00.000
I0A3O-0000,MPAMTABM8350             ,B  ,10.00000,2011-06-28 23:59:00.000,70,240    ,2011-06-24 08:18:00.000,2011-06-24 08:33:00.000
I0A3O-0000,MPAMTABM8350             ,B  ,10.00000,2011-06-28 23:59:00.000,80,91     ,2011-06-24 09:03:00.000,2011-06-24 09:34:00.000
I0A3Q-0000,MPAMTABM8650             ,B  ,10.00000,2011-06-28 23:59:00.000,10,15     ,2011-06-22 12:40:00.000,2011-06-22 13:07:00.000
I0A3Q-0000,MPAMTABM8650             ,B  ,10.00000,2011-06-28 23:59:00.000,20,80     ,2011-06-24 08:18:00.000,2011-06-24 08:34:00.000
I0A3Q-0000,MPAMTABM8650             ,B  ,10.00000,2011-06-28 23:59:00.000,30,90     ,2011-06-24 09:04:00.000,2011-06-24 09:35:00.000
I0A3Q-0000,MPAMTABM8650             ,B  ,10.00000,2011-06-28 23:59:00.000,40,96     ,2011-06-28 05:00:00.000,2011-06-28 05:04:00.000
I0A3Q-0000,MPAMTABM8650             ,B  ,10.00000,2011-06-28 23:59:00.000,50,135    ,2011-06-28 07:00:00.000,2011-06-28 07:58:00.000
I0A3Q-0000,MPAMTABM8650             ,B  ,10.00000,2011-06-28 23:59:00.000,60,91     ,2011-06-28 07:58:00.000,2011-06-28 08:29:00.000
I0A4S-0000,MPAMTAAM2350             ,B  ,5.00000,2011-06-28 23:59:00.000,10,65     ,2011-06-23 08:44:00.000,2011-06-23 09:04:00.000
I0A4S-0000,MPAMTAAM2350             ,B  ,5.00000,2011-06-28 23:59:00.000,20,65     ,2011-06-23 09:04:00.000,2011-06-23 09:13:00.000
I0A4S-0000,MPAMTAAM2350             ,B  ,5.00000,2011-06-28 23:59:00.000,30,65     ,2011-06-23 09:21:00.000,2011-06-23 09:28:00.000
I0A4S-0000,MPAMTAAM2350             ,B  ,5.00000,2011-06-28 23:59:00.000,40,35     ,2011-06-23 12:13:00.000,2011-06-23 12:25:00.000
I0A4S-0000,MPAMTAAM2350             ,B  ,5.00000,2011-06-28 23:59:00.000,50,90     ,2011-06-23 12:55:00.000,2011-06-23 13:26:00.000
I0A4S-0000,MPAMTAAM2350             ,B  ,5.00000,2011-06-28 23:59:00.000,60,94     ,2011-06-23 13:26:00.000,2011-06-23 13:57:00.000
I0A4S-0000,MPAMTAAM2350             ,B  ,5.00000,2011-06-28 23:59:00.000,70,96     ,2011-06-28 05:00:00.000,2011-06-28 05:08:00.000
I0A4S-0000,MPAMTAAM2350             ,B  ,5.00000,2011-06-28 23:59:00.000,80,135    ,2011-06-28 07:00:00.000,2011-06-28 07:38:00.000
I0A4S-0000,MPAMTAAM2350             ,B  ,5.00000,2011-06-28 23:59:00.000,90,91     ,2011-06-28 07:38:00.000,2011-06-28 08:09:00.000
I0A4U-0000,MPAMTABM8350             ,B  ,5.00000,2011-06-28 23:59:00.000,10,15     ,2011-06-20 16:07:00.000,2011-06-20 16:33:00.000
I0A4U-0000,MPAMTABM8350             ,B  ,5.00000,2011-06-28 23:59:00.000,20,65     ,2011-06-20 18:37:00.000,2011-06-20 18:45:00.000
I0A4U-0000,MPAMTABM8350             ,B  ,5.00000,2011-06-28 23:59:00.000,30,90     ,2011-06-20 19:15:00.000,2011-06-20 19:46:00.000
I0A4U-0000,MPAMTABM8350             ,B  ,5.00000,2011-06-28 23:59:00.000,40,94     ,2011-06-20 19:46:00.000,2011-06-20 19:54:00.000
I0A4U-0000,MPAMTABM8350             ,B  ,5.00000,2011-06-28 23:59:00.000,50,96     ,2011-06-24 05:00:00.000,2011-06-24 05:07:00.000
I0A4U-0000,MPAMTABM8350             ,B  ,5.00000,2011-06-28 23:59:00.000,60,135    ,2011-06-24 07:00:00.000,2011-06-24 07:38:00.000
I0A4U-0000,MPAMTABM8350             ,B  ,5.00000,2011-06-28 23:59:00.000,70,240    ,2011-06-24 08:43:00.000,2011-06-24 08:52:00.000
I0A4U-0000,MPAMTABM8350             ,B  ,5.00000,2011-06-28 23:59:00.000,80,91     ,2011-06-24 09:22:00.000,2011-06-24 09:53:00.000
I0A4V-0000,MPAMTABM8650             ,B  ,5.00000,2011-06-28 23:59:00.000,10,15     ,2011-06-22 13:07:00.000,2011-06-22 15:03:00.000
I0A4V-0000,MPAMTABM8650             ,B  ,5.00000,2011-06-28 23:59:00.000,20,80     ,2011-06-24 08:01:00.000,2011-06-24 08:18:00.000
I0A4V-0000,MPAMTABM8650             ,B  ,5.00000,2011-06-28 23:59:00.000,30,90     ,2011-06-24 08:48:00.000,2011-06-24 09:19:00.000
I0A4V-0000,MPAMTABM8650             ,B  ,5.00000,2011-06-28 23:59:00.000,40,96     ,2011-06-28 05:00:00.000,2011-06-28 05:04:00.000
I0A4V-0000,MPAMTABM8650             ,B  ,5.00000,2011-06-28 23:59:00.000,50,135    ,2011-06-28 07:00:00.000,2011-06-28 08:02:00.000
I0A4V-0000,MPAMTABM8650             ,B  ,5.00000,2011-06-28 23:59:00.000,60,91     ,2011-06-28 08:02:00.000,2011-06-28 08:33:00.000
I0A36-0000,0826990H01MFG            ,20 ,200.00000,2011-06-29 18:00:00.000,5,145    ,2011-06-23 10:41:00.000,2011-06-23 13:09:00.000
I0A36-0000,0826990H01MFG            ,20 ,200.00000,2011-06-29 18:00:00.000,10,150    ,2011-06-22 13:36:00.000,2011-06-23 12:56:00.000
I0A36-0000,0826990H01MFG            ,20 ,200.00000,2011-06-29 18:00:00.000,20,155    ,2011-06-23 13:26:00.000,2011-06-24 08:08:00.000
I09T5-0000,MPAMTAEM2750             ,03 ,25.00000,2011-06-29 23:59:00.000,10,15     ,2011-06-20 20:15:00.000,2011-06-20 20:53:00.000
I09T5-0000,MPAMTAEM2750             ,03 ,25.00000,2011-06-29 23:59:00.000,20,90     ,2011-06-20 21:23:00.000,2011-06-20 21:54:00.000
I09T5-0000,MPAMTAEM2750             ,03 ,25.00000,2011-06-29 23:59:00.000,30,96     ,2011-06-24 05:00:00.000,2011-06-24 06:03:00.000
I09T5-0000,MPAMTAEM2750             ,03 ,25.00000,2011-06-29 23:59:00.000,40,91     ,2011-06-24 14:03:00.000,2011-06-27 07:04:00.000
I0A3C-0000,902838P1                 ,06 ,35.00000,2011-06-29 23:59:00.000,10,73     ,2011-06-23 07:26:00.000,2011-06-23 11:49:00.000
I0A3C-0000,902838P1                 ,06 ,35.00000,2011-06-29 23:59:00.000,20,75     ,2011-06-23 20:41:00.000,2011-06-24 10:04:00.000
I0A3C-0000,902838P1                 ,06 ,35.00000,2011-06-29 23:59:00.000,30,60     ,2011-06-24 10:34:00.000,2011-06-27 08:54:00.000
I0A3C-0000,902838P1                 ,06 ,35.00000,2011-06-29 23:59:00.000,40,90     ,2011-06-27 09:24:00.000,2011-06-27 09:55:00.000
I0A3C-0000,902838P1                 ,06 ,35.00000,2011-06-29 23:59:00.000,50,96     ,2011-06-28 05:00:00.000,2011-06-28 06:31:00.000
I0A3C-0000,902838P1                 ,06 ,35.00000,2011-06-29 23:59:00.000,60,91     ,2011-06-29 07:00:00.000,2011-06-29 07:34:00.000
I0A3Y-0000,5004807                  ,F  ,50.00000,2011-06-30 00:00:00.000,10,240    ,2011-06-23 07:33:00.000,2011-06-27 09:13:00.000
I0A3Y-0000,5004807                  ,F  ,50.00000,2011-06-30 00:00:00.000,20,91     ,2011-06-27 09:43:00.000,2011-06-27 09:44:00.000
I08O3-0006,FM555424001              ,-  ,100.00000,2011-04-21 07:32:00.000,10,145    ,2011-06-23 13:36:00.000,2011-06-24 08:01:00.000
I08O3-0006,FM555424001              ,-  ,100.00000,2011-04-21 07:32:00.000,20,156    ,2011-07-15 07:02:00.000,2011-07-15 14:27:00.000
I08O3-0006,FM555424001              ,-  ,100.00000,2011-04-21 07:32:00.000,30,158    ,2011-07-15 14:27:00.000,2011-07-18 08:43:00.000
I09ZV-0018,92923                    ,A  ,26.00000,2011-05-02 10:21:00.000,10,145    ,2011-06-07 12:44:00.000,2011-06-08 08:20:00.000
I09ZV-0018,92923                    ,A  ,26.00000,2011-05-02 10:21:00.000,20,156    ,2011-06-29 09:30:00.000,2011-06-29 13:50:00.000
I09ZV-0018,92923                    ,A  ,26.00000,2011-05-02 10:21:00.000,30,156    ,2011-07-01 07:09:00.000,2011-07-01 08:27:00.000
I09LN-0000,CW009015002              ,D  ,64.00000,2011-05-03 09:07:00.000,10,25     ,2011-05-24 15:00:00.000,2011-05-24 16:40:00.000
I09LN-0000,CW009015002              ,D  ,64.00000,2011-05-03 09:07:00.000,20,25     ,2011-05-24 16:40:00.000,2011-05-24 19:03:00.000
I09LN-0000,CW009015002              ,D  ,64.00000,2011-05-03 09:07:00.000,30,25     ,2011-05-24 21:40:00.000,2011-05-25 16:18:00.000
I09LN-0000,CW009015002              ,D  ,64.00000,2011-05-03 09:07:00.000,40,25     ,2011-05-25 16:18:00.000,2011-05-25 18:41:00.000
I09LN-0000,CW009015002              ,D  ,64.00000,2011-05-03 09:07:00.000,50,25     ,2011-05-25 18:41:00.000,2011-05-27 20:14:00.000
I09LN-0000,CW009015002              ,D  ,64.00000,2011-05-03 09:07:00.000,55,50     ,2011-05-27 20:44:00.000,2011-05-27 21:31:00.000
I09LN-0000,CW009015002              ,D  ,64.00000,2011-05-03 09:07:00.000,60,90     ,2011-05-26 07:22:00.000,2011-05-26 07:53:00.000
I09LN-0000,CW009015002              ,D  ,64.00000,2011-05-03 09:07:00.000,70,140    ,2011-05-26 07:53:00.000,2011-05-26 08:24:00.000
I09LN-0000,CW009015002              ,D  ,64.00000,2011-05-03 09:07:00.000,80,SUBPREC,2011-06-10 07:14:00.000,2011-06-11 00:00:00.000
I09LN-0000,CW009015002              ,D  ,64.00000,2011-05-03 09:07:00.000,90,65     ,2011-06-16 22:15:00.000,2011-06-17 07:49:00.000
I09LN-0000,CW009015002              ,D  ,64.00000,2011-05-03 09:07:00.000,100,65     ,2011-06-16 20:10:00.000,2011-06-17 14:16:00.000
I09LN-0000,CW009015002              ,D  ,64.00000,2011-05-03 09:07:00.000,110,90     ,2011-06-20 07:18:00.000,2011-06-20 07:19:00.000
I09ZV-0004,92922                    ,0  ,52.00000,2011-05-09 07:15:00.000,10,145    ,2011-06-15 11:24:00.000,2011-06-15 14:30:00.000
I09ZV-0004,92922                    ,0  ,52.00000,2011-05-09 07:15:00.000,20,156    ,2011-06-30 10:16:00.000,2011-07-01 08:28:00.000
I09ZV-0004,92922                    ,0  ,52.00000,2011-05-09 07:15:00.000,30,80     ,2011-07-01 08:28:00.000,2011-07-01 11:34:00.000
I09ZV-0006,929222                   ,B  ,52.00000,2011-05-09 07:15:00.000,10,145    ,2011-06-13 11:35:00.000,2011-06-14 07:11:00.000
I09ZV-0006,929222                   ,B  ,52.00000,2011-05-09 07:15:00.000,20,156    ,2011-07-01 07:35:00.000,2011-07-04 08:45:00.000
I09ZV-0006,929222                   ,B  ,52.00000,2011-05-09 07:15:00.000,30,156    ,2011-07-04 11:40:00.000,2011-07-04 12:58:00.000
I09ZV-0008,929224                   ,B  ,26.00000,2011-05-09 07:15:00.000,10,145    ,2011-06-14 07:11:00.000,2011-06-14 08:59:00.000
I09ZV-0008,929224                   ,B  ,26.00000,2011-05-09 07:15:00.000,20,156    ,2011-07-06 11:17:00.000,2011-07-06 13:27:00.000
I09ZV-0008,929224                   ,B  ,26.00000,2011-05-09 07:15:00.000,30,156    ,2011-07-07 14:02:00.000,2011-07-08 08:16:00.000
I09ZV-0022,929232                   ,C  ,26.00000,2011-05-09 11:06:00.000,10,145    ,2011-06-09 07:34:00.000,2011-06-09 09:22:00.000
I09ZV-0022,929232                   ,C  ,26.00000,2011-05-09 11:06:00.000,20,156    ,2011-06-28 09:24:00.000,2011-06-28 13:44:00.000
I09ZV-0022,929232                   ,C  ,26.00000,2011-05-09 11:06:00.000,30,156    ,2011-07-01 08:04:00.000,2011-07-01 09:22:00.000
I09ZV-0023,929234                   ,B  ,26.00000,2011-05-09 11:06:00.000,10,145    ,2011-06-08 10:36:00.000,2011-06-08 12:24:00.000
I09ZV-0023,929234                   ,B  ,26.00000,2011-05-09 11:06:00.000,20,156    ,2011-06-27 14:14:00.000,2011-06-28 11:04:00.000
I09ZV-0023,929234                   ,B  ,26.00000,2011-05-09 11:06:00.000,30,156    ,2011-07-01 07:08:00.000,2011-07-01 08:34:00.000
I09ZV-0024,929236                   ,A  ,52.00000,2011-05-09 11:06:00.000,10,145    ,2011-06-08 07:30:00.000,2011-06-08 10:36:00.000
I09ZV-0024,929236                   ,A  ,52.00000,2011-05-09 11:06:00.000,20,156    ,2011-06-27 07:14:00.000,2011-06-28 08:24:00.000
I09ZV-0024,929236                   ,A  ,52.00000,2011-05-09 11:06:00.000,30,156    ,2011-06-30 12:35:00.000,2011-07-01 07:41:00.000
I09ZV-0025,929237                   ,A  ,26.00000,2011-05-09 11:06:00.000,10,145    ,2011-06-09 09:22:00.000,2011-06-09 11:10:00.000
I09ZV-0025,929237                   ,A  ,26.00000,2011-05-09 11:06:00.000,20,156    ,2011-06-28 12:04:00.000,2011-06-29 08:54:00.000
I09ZV-0025,929237                   ,A  ,26.00000,2011-05-09 11:06:00.000,30,156    ,2011-07-01 08:52:00.000,2011-07-01 10:10:00.000
I09HH-0001,AG3309001                ,02 ,31.00000,2011-05-09 14:27:00.000,10,240    ,2011-05-13 13:30:00.000,2011-05-16 08:04:00.000
I09HH-0001,AG3309001                ,02 ,31.00000,2011-05-09 14:27:00.000,20,94     ,2011-06-20 07:18:00.000,2011-06-20 07:41:00.000
I09HH-0001,AG3309001                ,02 ,31.00000,2011-05-09 14:27:00.000,30,96     ,2011-06-17 14:18:00.000,2011-06-21 05:12:00.000
I09ZV-0026,929212                   ,B  ,26.00000,2011-05-10 08:32:00.000,10,145    ,2011-06-09 08:06:00.000,2011-06-09 11:12:00.000
I09ZV-0026,929212                   ,B  ,26.00000,2011-05-10 08:32:00.000,20,80     ,2011-06-22 14:01:00.000,2011-06-23 09:46:00.000
I09ZV-0015,9291XSUB1A               ,E  ,26.00000,2011-05-10 11:26:00.000,10,70     ,2011-06-23 09:56:00.000,2011-06-23 11:40:00.000
I09ZV-0016,92920                    ,0  ,52.00000,2011-05-10 11:26:00.000,10,145    ,2011-06-08 09:37:00.000,2011-06-09 07:49:00.000
I09ZV-0016,92920                    ,0  ,52.00000,2011-05-10 11:26:00.000,20,156    ,2011-06-22 13:16:00.000,2011-06-23 10:58:00.000
I09ZV-0016,92920                    ,0  ,52.00000,2011-05-10 11:26:00.000,30,156    ,2011-06-22 13:28:00.000,2011-06-24 11:28:00.000
I09ZV-0016,92920                    ,0  ,52.00000,2011-05-10 11:26:00.000,40,156    ,2011-06-24 08:10:00.000,2011-06-27 10:34:00.000
I09ZV-0016,92920                    ,0  ,52.00000,2011-05-10 11:26:00.000,50,156    ,2011-06-28 08:47:00.000,2011-06-30 13:35:00.000
I09ZV-0019,929233                   ,A  ,26.00000,2011-05-10 11:26:00.000,10,145    ,2011-06-08 08:20:00.000,2011-06-08 10:08:00.000
I09ZV-0019,929233                   ,A  ,26.00000,2011-05-10 11:26:00.000,20,156    ,2011-07-01 12:30:00.000,2011-07-04 09:20:00.000
I09ZV-0019,929233                   ,A  ,26.00000,2011-05-10 11:26:00.000,30,156    ,2011-07-04 08:40:00.000,2011-07-04 10:24:00.000
I09ZV-0020,929235                   ,A  ,26.00000,2011-05-10 11:26:00.000,10,145    ,2011-06-07 10:56:00.000,2011-06-07 12:44:00.000
I09ZV-0020,929235                   ,A  ,26.00000,2011-05-10 11:26:00.000,20,156    ,2011-07-01 07:40:00.000,2011-07-01 14:10:00.000
I09ZV-0020,929235                   ,A  ,26.00000,2011-05-10 11:26:00.000,30,156    ,2011-07-04 09:54:00.000,2011-07-04 11:12:00.000
I09ZV-0001,9291XSUB1                ,E  ,26.00000,2011-05-16 08:00:00.000,10,70     ,2011-06-30 11:02:00.000,2011-07-07 14:16:00.000
I09ZV-0002,9291XSUB2                ,E  ,26.00000,2011-05-16 08:00:00.000,10,70     ,2011-06-30 10:20:00.000,2011-07-07 13:34:00.000
I09ZV-0003,929202                   ,A  ,52.00000,2011-05-16 08:00:00.000,10,145    ,2011-06-13 09:22:00.000,2011-06-14 07:34:00.000
I09ZV-0003,929202                   ,A  ,52.00000,2011-05-16 08:00:00.000,20,156    ,2011-07-04 08:42:00.000,2011-07-05 07:42:00.000
I09ZV-0003,929202                   ,A  ,52.00000,2011-05-16 08:00:00.000,30,156    ,2011-07-05 10:27:00.000,2011-07-06 09:27:00.000
I09ZV-0009,929225                   ,0  ,78.00000,2011-05-16 08:00:00.000,10,145    ,2011-06-14 11:24:00.000,2011-06-15 08:18:00.000
I09ZV-0009,929225                   ,0  ,78.00000,2011-05-16 08:00:00.000,20,156    ,2011-07-05 10:37:00.000,2011-07-07 08:37:00.000
I09ZV-0010,929226                   ,B  ,26.00000,2011-05-16 08:00:00.000,10,145    ,2011-06-14 08:59:00.000,2011-06-14 10:47:00.000
I09ZV-0010,929226                   ,B  ,26.00000,2011-05-16 08:00:00.000,20,156    ,2011-07-05 10:47:00.000,2011-07-05 12:57:00.000
I09ZV-0010,929226                   ,B  ,26.00000,2011-05-16 08:00:00.000,30,156    ,2011-07-07 08:04:00.000,2011-07-07 09:30:00.000
I09ZV-0012,929228                   ,0  ,26.00000,2011-05-16 08:00:00.000,10,145    ,2011-06-16 07:00:00.000,2011-06-16 08:48:00.000
I09ZV-0012,929228                   ,0  ,26.00000,2011-05-16 08:00:00.000,20,156    ,2011-07-04 14:22:00.000,2011-07-05 11:12:00.000
I09ZV-0012,929228                   ,0  ,26.00000,2011-05-16 08:00:00.000,30,156    ,2011-07-07 09:10:00.000,2011-07-07 10:02:00.000
I09ZV-0014,929238                   ,0  ,26.00000,2011-05-16 08:00:00.000,10,145    ,2011-06-15 11:58:00.000,2011-06-15 13:46:00.000
I09ZV-0014,929238                   ,0  ,26.00000,2011-05-16 08:00:00.000,20,156    ,2011-07-06 08:37:00.000,2011-07-06 12:57:00.000
I09KX-0000,BAT150196/2              ,N  ,60.00000,2011-05-16 23:59:00.000,10,240    ,2011-06-16 07:40:00.000,2011-06-24 09:40:00.000
I0A0D-0000,234416P1                 ,E  ,44.00000,2011-05-19 07:57:00.000,10,145    ,2011-06-20 07:21:00.000,2011-06-20 08:42:00.000
I0A0D-0000,234416P1                 ,E  ,44.00000,2011-05-19 07:57:00.000,20,155    ,2011-06-20 09:12:00.000,2011-06-20 11:39:00.000
I0A0D-0000,234416P1                 ,E  ,44.00000,2011-05-19 07:57:00.000,30,90     ,2011-06-20 07:18:00.000,2011-06-20 07:49:00.000
I0A0D-0000,234416P1                 ,E  ,44.00000,2011-05-19 07:57:00.000,40,140    ,2011-06-20 07:49:00.000,2011-06-20 08:20:00.000
I0A0D-0000,234416P1                 ,E  ,44.00000,2011-05-19 07:57:00.000,50,SUBPREC,2011-06-22 07:08:00.000,2011-06-23 00:00:00.000
I09IA-0000,417623G4                 ,H  ,68.00000,2011-05-25 11:45:00.000,10,240    ,2011-06-24 07:10:00.000,2011-06-24 08:18:00.000
I0A0F-0006,FM555433001              ,A  ,150.00000,2011-05-25 14:00:00.000,10,17     ,2011-06-13 07:11:00.000,2011-06-13 08:49:00.000
I0A0F-0006,FM555433001              ,A  ,150.00000,2011-05-25 14:00:00.000,20,156    ,2011-07-13 08:42:00.000,2011-07-13 14:22:00.000
I0A0F-0007,FM555434001              ,A  ,150.00000,2011-05-25 14:00:00.000,10,145    ,2011-06-23 09:46:00.000,2011-06-23 11:41:00.000
I0A0F-0007,FM555434001              ,A  ,150.00000,2011-05-25 14:00:00.000,20,156    ,2011-07-07 10:02:00.000,2011-07-07 13:02:00.000
I0A0F-0007,FM555434001              ,A  ,150.00000,2011-05-25 14:00:00.000,30,156    ,2011-07-08 08:32:00.000,2011-07-08 11:32:00.000
I0A0F-0007,FM555434001              ,A  ,150.00000,2011-05-25 14:00:00.000,40,156    ,2011-07-11 07:02:00.000,2011-07-11 10:52:00.000
I0A0F-0007,FM555434001              ,A  ,150.00000,2011-05-25 14:00:00.000,50,156    ,2011-07-12 07:12:00.000,2011-07-12 11:42:00.000
I0A0F-0007,FM555434001              ,A  ,150.00000,2011-05-25 14:00:00.000,60,156    ,2011-07-13 14:22:00.000,2011-07-14 10:42:00.000
I0A0F-0008,FM555435001              ,A  ,150.00000,2011-05-25 14:00:00.000,10,145    ,2011-06-23 11:41:00.000,2011-06-23 13:36:00.000
I0A0F-0008,FM555435001              ,A  ,150.00000,2011-05-25 14:00:00.000,20,156    ,2011-07-07 13:02:00.000,2011-07-08 08:32:00.000
I0A0F-0008,FM555435001              ,A  ,150.00000,2011-05-25 14:00:00.000,30,156    ,2011-07-08 11:32:00.000,2011-07-11 07:02:00.000
I0A0F-0008,FM555435001              ,A  ,150.00000,2011-05-25 14:00:00.000,40,156    ,2011-07-11 10:52:00.000,2011-07-12 07:12:00.000
I0A0F-0008,FM555435001              ,A  ,150.00000,2011-05-25 14:00:00.000,50,156    ,2011-07-12 11:42:00.000,2011-07-13 08:42:00.000
I0A0F-0008,FM555435001              ,A  ,150.00000,2011-05-25 14:00:00.000,60,156    ,2011-07-14 10:42:00.000,2011-07-15 07:02:00.000
I0A6R-0000,ER5042-03                ,2  ,2.00000,2011-05-30 12:47:00.000,10,15-CAT ,2011-06-23 08:44:00.000,2011-06-23 09:10:00.000
I0A6R-0000,ER5042-03                ,2  ,2.00000,2011-05-30 12:47:00.000,20,35-CAT ,2011-06-23 10:15:00.000,2011-06-23 10:41:00.000
I0A6V-0000,ER5044-01                ,4  ,2.00000,2011-05-30 12:47:00.000,10,15-CAT ,2011-06-23 08:12:00.000,2011-06-23 08:28:00.000
I0A6V-0000,ER5044-01                ,4  ,2.00000,2011-05-30 12:47:00.000,20,35-CAT ,2011-06-23 08:58:00.000,2011-06-23 09:15:00.000
I0A6V-0000,ER5044-01                ,4  ,2.00000,2011-05-30 12:47:00.000,30,65-CAT ,2011-07-01 07:46:00.000,2011-07-01 07:54:00.000
I0A6W-0000,ER5044-02                ,4  ,2.00000,2011-05-30 12:47:00.000,10,15-CAT ,2011-06-23 08:28:00.000,2011-06-23 08:44:00.000
I0A6W-0000,ER5044-02                ,4  ,2.00000,2011-05-30 12:47:00.000,20,35-CAT ,2011-06-23 09:15:00.000,2011-06-23 09:32:00.000
I0A6W-0000,ER5044-02                ,4  ,2.00000,2011-05-30 12:47:00.000,30,65-CAT ,2011-07-01 07:46:00.000,2011-07-01 07:54:00.000
I0A6Q-0000,ER5040-03                ,3  ,2.00000,2011-05-30 13:04:00.000,10,15-CAT ,2011-06-23 07:46:00.000,2011-06-23 08:12:00.000
I0A6Q-0000,ER5040-03                ,3  ,2.00000,2011-05-30 13:04:00.000,20,35-CAT ,2011-06-23 09:32:00.000,2011-06-23 09:58:00.000
I0A6Q-0000,ER5040-03                ,3  ,2.00000,2011-05-30 13:04:00.000,30,80-CAT ,2011-06-23 14:02:00.000,2011-06-23 14:10:00.000
I0A6U-0000,ER5041-01                ,5  ,2.00000,2011-05-30 13:04:00.000,10,15-CAT ,2011-06-23 09:10:00.000,2011-06-23 09:26:00.000
I0A6U-0000,ER5041-01                ,5  ,2.00000,2011-05-30 13:04:00.000,20,35-CAT ,2011-06-23 09:58:00.000,2011-06-23 10:15:00.000
I08O3-0001,MA555302001              ,B  ,100.00000,2011-06-03 09:14:00.000,10,70     ,2011-07-18 09:13:00.000,2011-08-01 11:38:00.000
I08O3-0001,MA555302001              ,B  ,100.00000,2011-06-03 09:14:00.000,20,60     ,2011-08-01 12:08:00.000,2011-08-02 13:13:00.000
I08O3-0001,MA555302001              ,B  ,100.00000,2011-06-03 09:14:00.000,30,90     ,2011-08-02 13:43:00.000,2011-08-02 14:14:00.000
I08O3-0001,MA555302001              ,B  ,100.00000,2011-06-03 09:14:00.000,40,140    ,2011-08-02 14:14:00.000,2011-08-03 07:15:00.000
I08O3-0001,MA555302001              ,B  ,100.00000,2011-06-03 09:14:00.000,50,SUBHUDG,2011-08-03 07:15:00.000,2011-08-10 07:15:00.000
I08O3-0001,MA555302001              ,B  ,100.00000,2011-06-03 09:14:00.000,60,94     ,2011-08-10 07:15:00.000,2011-08-23 15:42:00.000
I08O3-0001,MA555302001              ,B  ,100.00000,2011-06-03 09:14:00.000,70,96     ,2011-08-24 05:00:00.000,2011-08-24 05:45:00.000
I09VG-0001,004080828ASM             ,03 ,70.00000,2011-06-06 12:50:00.000,10,75     ,2011-06-03 09:01:00.000,2011-06-03 13:22:00.000
I09VG-0001,004080828ASM             ,03 ,70.00000,2011-06-06 12:50:00.000,20,70     ,2011-06-07 13:57:00.000,2011-06-08 09:27:00.000
I09VG-0001,004080828ASM             ,03 ,70.00000,2011-06-06 12:50:00.000,30,70     ,2011-06-07 14:06:00.000,2011-06-09 07:08:00.000
I09VG-0001,004080828ASM             ,03 ,70.00000,2011-06-06 12:50:00.000,40,60     ,2011-06-08 12:55:00.000,2011-06-09 09:01:00.000
I09VG-0001,004080828ASM             ,03 ,70.00000,2011-06-06 12:50:00.000,50,90     ,2011-06-10 07:14:00.000,2011-06-10 07:15:00.000
I09VG-0001,004080828ASM             ,03 ,70.00000,2011-06-06 12:50:00.000,60,140    ,2011-06-16 11:31:00.000,2011-06-16 11:32:00.000
I09VG-0001,004080828ASM             ,03 ,70.00000,2011-06-06 12:50:00.000,70,SUBINDU,2011-06-16 11:32:00.000,2011-06-21 11:32:00.000
I09VG-0001,004080828ASM             ,03 ,70.00000,2011-06-06 12:50:00.000,80,94     ,2011-06-23 07:46:00.000,2011-06-23 09:13:00.000
I09VG-0001,004080828ASM             ,03 ,70.00000,2011-06-06 12:50:00.000,90,96     ,2011-06-22 13:38:00.000,2011-06-24 05:05:00.000
I0A06-0000,337002P4                 ,H  ,175.00000,2011-06-06 13:35:00.000,10,15     ,2011-06-10 13:12:00.000,2011-06-10 16:30:00.000
I0A06-0000,337002P4                 ,H  ,175.00000,2011-06-06 13:35:00.000,20,35     ,2011-06-10 07:35:00.000,2011-06-10 08:25:00.000
I0A06-0000,337002P4                 ,H  ,175.00000,2011-06-06 13:35:00.000,30,90     ,2011-06-15 07:10:00.000,2011-06-15 07:11:00.000
I0A06-0000,337002P4                 ,H  ,175.00000,2011-06-06 13:35:00.000,40,96     ,2011-06-15 07:11:00.000,2011-06-15 07:40:00.000
I0A0A-0000,337452G5                 ,G  ,20.00000,2011-06-06 13:35:00.000,10,73     ,2011-06-22 09:16:00.000,2011-06-23 08:26:00.000
I0A0A-0000,337452G5                 ,G  ,20.00000,2011-06-06 13:35:00.000,20,60     ,2011-06-23 08:17:00.000,2011-06-23 09:00:00.000
I0A0A-0000,337452G5                 ,G  ,20.00000,2011-06-06 13:35:00.000,30,94     ,2011-06-23 09:30:00.000,2011-06-23 11:16:00.000
I0A0A-0000,337452G5                 ,G  ,20.00000,2011-06-06 13:35:00.000,40,96     ,2011-06-22 14:02:00.000,2011-06-24 05:03:00.000
I0A6M-0000,AG3999788A               ,01 ,48.00000,2011-06-07 15:41:00.000,10,15     ,2011-06-23 07:46:00.000,2011-06-23 10:28:00.000
I0A6M-0000,AG3999788A               ,01 ,48.00000,2011-06-07 15:41:00.000,20,35     ,2011-06-23 10:58:00.000,2011-06-23 11:48:00.000
I0A6M-0000,AG3999788A               ,01 ,48.00000,2011-06-07 15:41:00.000,30,35     ,2011-06-23 11:48:00.000,2011-06-23 12:39:00.000
I0A6M-0000,AG3999788A               ,01 ,48.00000,2011-06-07 15:41:00.000,40,35     ,2011-06-23 12:39:00.000,2011-06-23 15:21:00.000
I0A6N-0000,AG3999788B               ,01 ,48.00000,2011-06-07 15:41:00.000,10,15     ,2011-06-22 08:29:00.000,2011-06-22 09:01:00.000
I0A6N-0000,AG3999788B               ,01 ,48.00000,2011-06-07 15:41:00.000,20,35     ,2011-06-23 07:46:00.000,2011-06-23 08:27:00.000
I0A6N-0000,AG3999788B               ,01 ,48.00000,2011-06-07 15:41:00.000,30,90     ,2011-06-23 08:57:00.000,2011-06-23 09:28:00.000
I09OS-0000,MPAMTACM0650             ,03 ,10.00000,2011-06-07 23:59:00.000,10,17     ,2011-05-19 22:28:00.000,2011-05-20 07:18:00.000
I09OS-0000,MPAMTACM0650             ,03 ,10.00000,2011-06-07 23:59:00.000,15,50     ,2011-05-20 15:48:00.000,2011-05-20 15:53:00.000
I09OS-0000,MPAMTACM0650             ,03 ,10.00000,2011-06-07 23:59:00.000,20,35     ,2011-05-23 10:25:00.000,2011-05-23 11:01:00.000
I09OS-0000,MPAMTACM0650             ,03 ,10.00000,2011-06-07 23:59:00.000,40,90     ,2011-06-23 07:46:00.000,2011-06-23 08:17:00.000
I09OS-0000,MPAMTACM0650             ,03 ,10.00000,2011-06-07 23:59:00.000,50,96     ,2011-06-28 05:00:00.000,2011-06-28 05:01:00.000
I09OS-0000,MPAMTACM0650             ,03 ,10.00000,2011-06-07 23:59:00.000,60,91     ,2011-06-28 13:01:00.000,2011-06-28 13:02:00.000
I0A6I-0000,ER5043-01-BT             ,4  ,2.00000,2011-06-08 11:53:00.000,10,15-CAT ,2011-06-23 09:26:00.000,2011-06-23 09:42:00.000
I0A6I-0000,ER5043-01-BT             ,4  ,2.00000,2011-06-08 11:53:00.000,20,35-CAT ,2011-06-23 10:41:00.000,2011-06-23 10:58:00.000
I0A6I-0000,ER5043-01-BT             ,4  ,2.00000,2011-06-08 11:53:00.000,30,96-CAT ,2011-06-24 05:00:00.000,2011-06-24 05:08:00.000
I0A6J-0000,ER6001-03-BT             ,3  ,1.00000,2011-06-08 11:53:00.000,10,70-CAT ,2011-07-22 07:46:00.000,2011-07-22 07:53:00.000
I0A6J-0000,ER6001-03-BT             ,3  ,1.00000,2011-06-08 11:53:00.000,20,60-CAT ,2011-07-22 08:23:00.000,2011-07-22 08:29:00.000
I0A6J-0000,ER6001-03-BT             ,3  ,1.00000,2011-06-08 11:53:00.000,30,96-CAT ,2011-07-22 08:59:00.000,2011-07-22 09:06:00.000
I0A6K-0000,ER6002-03-BT             ,2  ,2.00000,2011-06-08 11:53:00.000,10,70-CAT ,2011-07-01 07:54:00.000,2011-07-01 08:11:00.000
I0A6K-0000,ER6002-03-BT             ,2  ,2.00000,2011-06-08 11:53:00.000,20,60-CAT ,2011-07-01 08:41:00.000,2011-07-01 08:53:00.000
I0A6K-0000,ER6002-03-BT             ,2  ,2.00000,2011-06-08 11:53:00.000,30,96-CAT ,2011-07-01 09:23:00.000,2011-07-01 09:30:00.000
I09ZZ-0006,HW2661                   ,-  ,26.00000,2011-06-10 13:30:00.000,10,155    ,2011-06-20 09:12:00.000,2011-06-20 11:26:00.000
I09ZZ-0006,HW2661                   ,-  ,26.00000,2011-06-10 13:30:00.000,20,90     ,2011-06-20 11:56:00.000,2011-06-20 12:27:00.000
I09ZZ-0006,HW2661                   ,-  ,26.00000,2011-06-10 13:30:00.000,30,94     ,2011-06-23 07:46:00.000,2011-06-23 08:51:00.000
I09ZZ-0006,HW2661                   ,-  ,26.00000,2011-06-10 13:30:00.000,40,96     ,2011-06-24 05:00:00.000,2011-06-24 05:07:00.000
I09ZZ-0007,HW2662                   ,-  ,26.00000,2011-06-10 13:30:00.000,10,155    ,2011-06-17 12:14:00.000,2011-06-17 14:28:00.000
I09ZZ-0007,HW2662                   ,-  ,26.00000,2011-06-10 13:30:00.000,20,145    ,2011-06-20 07:28:00.000,2011-06-20 08:09:00.000
I09ZZ-0007,HW2662                   ,-  ,26.00000,2011-06-10 13:30:00.000,30,90     ,2011-06-20 08:39:00.000,2011-06-20 09:10:00.000
I09ZZ-0007,HW2662                   ,-  ,26.00000,2011-06-10 13:30:00.000,40,94     ,2011-06-23 07:46:00.000,2011-06-23 08:51:00.000
I09ZZ-0007,HW2662                   ,-  ,26.00000,2011-06-10 13:30:00.000,50,96     ,2011-06-24 05:00:00.000,2011-06-24 05:07:00.000
I09ZZ-0008,HW2663                   ,-  ,26.00000,2011-06-10 13:30:00.000,10,155    ,2011-06-17 14:28:00.000,2011-06-20 09:12:00.000
I09ZZ-0008,HW2663                   ,-  ,26.00000,2011-06-10 13:30:00.000,20,145    ,2011-06-20 09:42:00.000,2011-06-20 10:23:00.000
I09ZZ-0008,HW2663                   ,-  ,26.00000,2011-06-10 13:30:00.000,30,90     ,2011-06-20 10:53:00.000,2011-06-20 11:24:00.000
I09ZZ-0008,HW2663                   ,-  ,26.00000,2011-06-10 13:30:00.000,40,94     ,2011-06-23 07:46:00.000,2011-06-23 08:51:00.000
I09ZZ-0008,HW2663                   ,-  ,26.00000,2011-06-10 13:30:00.000,50,96     ,2011-06-24 05:00:00.000,2011-06-24 05:07:00.000
I09ZK-0000,BAT150196/12             ,N  ,15.00000,2011-06-10 23:59:00.000,10,240    ,2011-06-23 13:44:00.000,2011-06-27 11:59:00.000
I08Y3-0000,AUXCOM35                 ,2  ,100.00000,2011-04-01 08:27:00.000,30,80-CAT ,2011-06-23 09:43:00.000,2011-06-23 11:55:00.000
I08Y3-0000,AUXCOM35                 ,2  ,100.00000,2011-04-01 08:27:00.000,40,80-CAT ,2011-06-23 11:50:00.000,2011-06-23 14:02:00.000
I08O3-0004,FM555422001              ,-  ,100.00000,2011-04-21 07:32:00.000,10,15     ,2011-06-14 10:14:00.000,2011-06-14 17:42:00.000
I08O3-0004,FM555422001              ,-  ,100.00000,2011-04-21 07:32:00.000,20,50     ,2011-06-16 15:00:00.000,2011-06-16 15:58:00.000
I08O3-0004,FM555422001              ,-  ,100.00000,2011-04-21 07:32:00.000,30,35     ,2011-06-20 07:18:00.000,2011-06-20 08:29:00.000
I08O3-0004,FM555422001              ,-  ,100.00000,2011-04-21 07:32:00.000,40,35     ,2011-06-20 08:29:00.000,2011-06-20 09:40:00.000
I08O3-0004,FM555422001              ,-  ,100.00000,2011-04-21 07:32:00.000,50,65     ,2011-06-20 09:40:00.000,2011-06-20 14:20:00.000
I08O3-0004,FM555422001              ,-  ,100.00000,2011-04-21 07:32:00.000,60,65     ,2011-06-20 14:20:00.000,2011-06-20 19:30:00.000
I08O3-0004,FM555422001              ,-  ,100.00000,2011-04-21 07:32:00.000,70,35     ,2011-06-20 20:00:00.000,2011-06-20 20:47:00.000
I08O3-0004,FM555422001              ,-  ,100.00000,2011-04-21 07:32:00.000,80,35     ,2011-06-20 20:47:00.000,2011-06-21 07:27:00.000
I08O3-0004,FM555422001              ,-  ,100.00000,2011-04-21 07:32:00.000,90,65     ,2011-06-22 22:11:00.000,2011-06-23 08:55:00.000
I09M5-0000,004080825                ,03 ,62.00000,2011-06-13 23:59:00.000,10,17     ,2011-05-17 12:19:00.000,2011-05-17 13:32:00.000
I09M5-0000,004080825                ,03 ,62.00000,2011-06-13 23:59:00.000,20,50     ,2011-05-11 22:46:00.000,2011-05-12 15:01:00.000
I09M5-0000,004080825                ,03 ,62.00000,2011-06-13 23:59:00.000,30,35     ,2011-05-20 10:12:00.000,2011-05-20 10:43:00.000
I09M5-0000,004080825                ,03 ,62.00000,2011-06-13 23:59:00.000,40,65     ,2011-05-23 21:25:00.000,2011-05-23 22:16:00.000
I09M5-0000,004080825                ,03 ,62.00000,2011-06-13 23:59:00.000,50,90     ,2011-05-20 07:14:00.000,2011-05-20 07:45:00.000
I09M5-0000,004080825                ,03 ,62.00000,2011-06-13 23:59:00.000,60,140    ,2011-05-20 07:45:00.000,2011-05-20 08:16:00.000
I09M5-0000,004080825                ,03 ,62.00000,2011-06-13 23:59:00.000,70,SUBINDU,1900-01-01 00:00:00.000,1900-01-01 00:00:00.000
I09M5-0000,004080825                ,03 ,62.00000,2011-06-13 23:59:00.000,80,130    ,2011-06-21 13:48:00.000,2011-06-22 09:52:00.000
I09M5-0000,004080825                ,03 ,62.00000,2011-06-13 23:59:00.000,90,240    ,2011-06-22 10:10:00.000,2011-06-22 11:03:00.000
I09M5-0000,004080825                ,03 ,62.00000,2011-06-13 23:59:00.000,100,140    ,2011-06-22 11:33:00.000,2011-06-22 11:34:00.000
I09M5-0000,004080825                ,03 ,62.00000,2011-06-13 23:59:00.000,110,91     ,2011-06-22 11:34:00.000,2011-06-22 11:35:00.000
I09VG-0000,004080828                ,03 ,70.00000,2011-06-13 23:59:00.000,10,130    ,2011-06-24 09:44:00.000,2011-06-24 13:14:00.000
I09VG-0000,004080828                ,03 ,70.00000,2011-06-13 23:59:00.000,20,91     ,2011-06-24 13:44:00.000,2011-06-24 13:45:00.000
